page,date,tags,questions,questions_add,answers,N_answer,url,category
7,2014.07.27,[],안드로이드 진저브레드용 무료 VPN,"fqrouter2,openvpn 다성능딸려서안되는데 빠르고진저브레드에서사용가능한VPN좀여.... 중국이어서회원가입이나유료서비스는안되여...","['Hotspot shild', '모든 안드로이드 버전에서 vpn기능을 내장하고있을껄텐데\n\n어플안까셔도되요.\n\nhttp://nsvpn.co.kr/CUSTOMER/guide_android.html\n\n여기보면 안드로이드 설정방법인데\n\n저건 4.3인가 버전인데\n\n진저에서도 될듯요', '안녕하세요. 킹콩VPN 지식IN 상담원입니다^^ \n안드로이드 폰에 vpn 을 연결 하시려는 거군요 ! \n현재 해당 폰에 블루라이트 필터(시력보호)기능 on->off로 해주신 후 \n백신프로그램 삭제 하시는 걸 권장 드립니다 \n실시간 상담, 빠른 피드백이 가능하고 가성비 좋은 VPN 찾으시면 \n저희 킹콩VPN은 어떠신가요~^^\n저희 킹콩VPN은 체계적으로 서버관리를 하고 있어 막힐 걱정없이 이용가능합니다! \n어플만 설치하시면 간단하게 vpn 연결 가능합니다 \n저렴한 가격에 믿을수 있는 vpn 서버가 필요하시다면 언제든지 연락주세요 \n1일 무료 체험도 가능합니다 ^^ ', '무료 vpn 프로그램으로 softether vpn 프로그램이 있는데요.\n다양한 해외 vpn 서버 목록도 있고, 속도도 괜찮고, 홈페이지에서 vpn 서버 추가도 되서 많이 사용하고 있어요\n무료 VPN 프로그램 및 VPN 추천\n오늘은 무료 VPN 프로그램 중 단 한 번의 클릭으로 VPN 서버로 연결되는 SoftEther VPN 프로그램을 소개한다. 이 프로그램은 접근이 제한되어 있는 사이트, 특정 지역에서 아이피 주소가 차단되어 게임이 되지 않..\nm.site.naver.com']",4,https://kin.naver.com/qna/detail.naver?d1id=1&dirId=1070402&docId=203001205&qb=67Cx7Iug&enc=utf8&section=kin&rank=69&search_sort=3&spq=0,안드로이드폰
7,2017.04.05,"['vpn프로그램', 'vpn', '안드로이드']",안드로이드vpn오류,확인이 않눌러져요 취소도 눌러지는대,"['껐다 켜 보세요', '안녕하세요. 킹콩VPN 지식IN 상담원입니다^^ \n안드로이드 폰에 vpn 을 연결 하시려는 거군요 ! \n현재 해당 폰에 블루라이트 필터(시력보호)기능 on->off로 해주신 후 \n백신프로그램 삭제 하시는 걸 권장 드립니다 \n실시간 상담, 빠른 피드백이 가능하고 가성비 좋은 VPN 찾으시면 \n저희 킹콩VPN은 어떠신가요~^^\n저희 킹콩VPN은 체계적으로 서버관리를 하고 있어 막힐 걱정없이 이용가능합니다! \n어플만 설치하시면 간단하게 vpn 연결 가능합니다 \n저렴한 가격에 믿을수 있는 vpn 서버가 필요하시다면 언제든지 연락주세요 \n1일 무료 체험도 가능합니다 ^^ ', '안녕하세요~~! VPN 대한 궁금증이 많으실 것 같은데요.\n저도 이곳저곳 알아보고 여러글 살펴보다가 무료 VPN 사용법, 무료 VPN다운로드,설치 방법,추적안당하는법까지!\n잘 정리된곳이 있어서 정보드립니다~!\n고민 해결하시는데 도움이 되었으면 하는 바램입니다. 기타 궁금하신 점은 아래 링크 남겨드릴테니 참고하시면 도움이 되실 것 같네요.\n▼무료 VPN 사용법, 무료 VPN다운로드,설치 방법(+링크첨부) VPN 사용시 추적을 피할수 있을까?\nhttps://salgoonews.tistory.com/277\n무료 VPN 사용법, 무료 VPN다운로드,설치 방법(+링크첨부) VPN 사용시 추적을 피할수 있을까?\n안녕하세요. 살구뉴스입니다. 최근 N번방 방지법으로 인해 VPN 다운받는방법에 대해 문의가 많아서 정리해드립니다. 1.VPN 이란? 2.VPN을 사용하면 추적에 걸리지 않을까? 3.VPN PC버전 다운로드 방법 4.VPN 모바..\nsalgoonews.tistory.com']",3,https://kin.naver.com/qna/detail.naver?d1id=1&dirId=11003&docId=274185005&qb=67Cx7Iug&enc=utf8&section=kin&rank=68&search_sort=3&spq=0,개인정보보호
7,2019.11.27,[],윈도우7 백신 끄는법,다이렉트X 깔아야하는데 백신끄래요 어떻게 끄죠,"['꺼야하는 백신이 디펜더라면\nhttps://gcoopfactory.blog.me/221509526323\n윈도우7 디펜더 끄기, 켜기 방법 알아두자\n안녕하세요~ 지쿱팩토리입니다.Windows Defender 악성코드와 스파이웨어를컴퓨터부터 보호해주는 소프...\ngcoopfactory.blog.me\n참고하셔서 종료하세요.', '그 머냐 오른쪽아래 작업 표시줄에 알약 이나 쩃든 비슷한 프로그램 있을거임 그거 클릭해서 실시간감시 끄시면 됌']",2,https://kin.naver.com/qna/detail.naver?d1id=1&dirId=10301&docId=341344845&qb=67Cx7Iug&enc=utf8&section=kin&rank=67&search_sort=3&spq=0,윈도우
7,2020.06.30,"['검색질문', '통합검색궁금증', '통합검색질문하기', '#참견']",부평역강아지분양 알려주세요,"부평역강아지분양 알려주세요

저는 반려견을 키우려고 마음을 항상 먹고 있답니다, 환경도 갖추어졌고
여유도 생겼고 해서 알아보는 중입니다, 근데 제가 듣기로는 강아지들은
더위에 많이 약하다고 하던데 날씨가 더울 때 강아지를 분양, 입양 하게
되면 많이 안 좋은건가요? 이왕이면 그런 정보들까지 꼼꼼하게 알려주는
곳이였으면 좋겠구요, 관리도 잘 되고 체계적인 곳이였으면 좋겠습니다.
그럼 여러분들의 지식댓글 많이 부탁드릴게요!","['포인핸드 어플에 강아지 입양글 많이 있습니다.. 아이가 덥지 않게 관리만 잘 해주시면 여름은 잘 보내실수 있어요 쿨매트 같은거 깔아두시는것을 추천드려요', '안녕하세요. \n반려견에 대한 궁금증을 해결해주는 ""하트독"" 입니다.\n반려견은 애견샵을 이용하거나 가정견 분양을 통해서 가능합니다.\n분양샵을 이용하는 경우에는 계약서를 꼼꼼하게 체크하시길 바라고,\n가정견을 분양받을때는 모견등을 꼭 확인하세요.\n작년에 강아지 공장이 이슈가 되면서,\n좀 더 쾌적한 환경에서 자란 반려견을 분양받고자 하는 분들이 많습니다.\n대도시에는 고급 샵이 많고 이곳에서는 향후 발생되는 문제들에 대해서\n책임을 다하는 곳이 많은 이유로 대도시를 선호하는데요,\n최근에는 동물 보호법의 개정으로 좀 더 믿을 수 있는 샵들도 많아 졌습니다.\n가정견을 분양받고 싶은 경우에는 ""참견"" 이라는 어플을 사용하시면 좋고,\n애견샵에서 분야받고 싶다면 ""페밀리"" 어플을 사용해 보세요.\n답변이 도움이 되셨다면 채택도 부탁드립니다.', '안녕하세요! 부평역강아지분양 라이프독 인천본점에서 답변 드릴게요.!\n우선 강아지분양 받으실 때 가장 중요한 것은 예비 견주님들과 잘 맞는\n견종인가 그리고 강아지의 건강상태 입니다, 아픈 애기는 아닌지 건강한\n애기인지 직접 확인 하실 수 있게 알려드리고 보여드리면서 강아지분양\n도와드리고 있습니다, 인천 계양구에 위치 해 있어서 거리도 가까우시고\n아마 주변 지인분들 중에서도 저희 매장을 이용하신 분들이 많을 것으로\n생각됩니다, 항상 60여 마리의 건강한 강아지들과 생활하고 있는 저희\n라이프독 인천본점에서 부평역강아지분양 건강하게 받으셔서 행복한\n반려문화생활 시작 해 보시죠!!!', '안녕하세요 질문자님 강아지분양에 대해 질문 주셨네요 ~\n아가들은 기본적으로 사람보다 체온이 높아요~\n보통 사람이 36.5도라면 강아지는 39~40도 정도 합니다 \n그리고 아가들은 모공이 없기 때문에 더울때 정말 취약한데요:)\n집에 에어컨이 있으시다면 에어컨으로 온도를 조절해주서야 해요\n그런데 또 너무 낮게 온도를 틀어주시면 아기강아지의 경우 감기에 걸릴 확률이 높습니다 \n22~25도 사이의 온도를 해주시는게 좋고 아기가 잠잘수 있는공간은 포근한 방석이나 \n보호자님의 옷을 같이 둬 주시는게 좋아요 ^^ \n분양샵의 경우 관리와 위생이 정말 중요한데요~\n어린강아지들은 면역이 약하고 주변환경에 매우 예민한 아가들이 많아요 \n저희는 매일 하루에 두번씩 아침 저녁마다 소독을 진행하고 있어요\n또 매 시간 아가들의 건간상태를 확인하고 기록중에 있습니다 또 저희가 다른 샵과 다른점은 \n알바생이나 직원을 쓰지 않고 저희 가족이 운영을 한다는 점인데요 :) \n제가 직접 제손으로 케어하고 내아가처럼 돌보고 있습니다\n매번 샵에 방문해주시는 손님들마다 분양샵에서 냄새가 하나도 않난다고 깨끗한 위생환경에 \n매우 놀라시는 분들이 많아요 ㅎㅎ \n또 저희는 전염성 질병인 파보 , 코로나 , 홍역에 대해서도  보상을 해드리고 있어요\n물론 기본적으로 아가들이 건강하다면 병에 걸리지 않겠죠? \n게다가 저희는 아가들의 사회화 시기에 맞춰서 아가들이 뛰어 놀 수 있게 \n하루에 두번씩 놀이시간을 주고 있어요 이점은 다른샵에서는 불가능합니다!\n아가들이 건강하지 않다면 같이 풀어두고 놀게 할 수 없거든요 \n그만큼 아이들의 건강에 자신이 있기 때문입니다!\n면역이 약한 아가들을 위해 이유식과 적절한 사료 또 주기적으로 몸모신을 하기 위해서\n특식을 준비해서 먹이고 있어요 ~ \n또한 동물병원에서 동일한 혈청주사와 종합백신 접종을 통해 아가들의 건강을 어린시절부터 \n케어하여 분양을 보내고 있습니다 ^^\n연계병원도 지정되어있고 여러가지 서비스를 해드리고 있어요 ㅎㅎ \n또한 분양 후에도 배변훈련과 행동교정 등등 여러가지 훈련 멘토링도 진행 하고 있습니다^^\n토이푸들분양가격 이나  더 궁금하신내용은 문의 주시면 친절 하게 답변 도와 드릴께요~~!!\n네이버에 포푸독 혹은 인스타에 popu.dog이라고 검색하시면 \n많은 아가들 사진도 있고 저희 연락처도 있으니 더욱 궁굼하신 점이 있거나 \n문의사항이 있으시면 언제든 전화나 문자로 상담 해주셔도 됩니다 \nhttps://blog.naver.com/popudog 한번 들러주세요^^']",4,https://kin.naver.com/qna/detail.naver?d1id=8&dirId=8050101&docId=361198716&qb=67Cx7Iug&enc=utf8&section=kin&rank=66&search_sort=3&spq=0,"분양, 교배"
7,2020.06.30,[],LG gram 노트북 절전모드 해제방법,갑자기 화면이 꺼졌어요 전원은 들어오는데 화면이 들어오지 않아요 어떻게 해야하나요..,"['LG전자 지식파트너입니다.\nLG PC 제품 사용 중 신경이 쓰이셨겠습니다.\n문의하신 증상은 다양한 현상에 의해 나타날 수 있습니다.\n(Install 하드웨어, 사용자 애플리케이션, Windows10 등)\n해당 현상이 발생하기 전 Install 된 디바이스 및 애플리케이션을 제거 후 사용해 보세요.\n또한 Windows10과 Ahnlab V3 백신과의 호환성 오류로 절전모드 진입 단계에서 발생할 수 있습니다.\nAhnlab 애플리케이션 설정에서 “유해 사이트 차단 사용”을 체크 해제하여 보세요.\n(※ 피싱 혹은 불필요 사이트 접속 차단 기능이 Off 되므로 웹서핑 시 안전하고 공인된 사이트 이용 권장 )\n① V3Lite 애플리케이션 \n▶ 트레이 아이콘에서 [V3]를 선택하여 마우스 우 클릭하세요.\n[환경설정] > [웹 보안] 탭에서 “유해 사이트 차단 사용”을 체크 해제하세요.\n② Ahnlab Safe Transaction 애플리케이션 \n▶ 트레이 아이콘에서 [V3]를 선택하여 마우스 우 클릭하세요.\n“유해 사이트 차단”을 체크 해제하세요.\n또한 아래 URL을 참고하여 사용자 휴대폰 앱의 백그라운드 앱 설정을 [끔]으로 변경하여 확인을 해주세요.\n※. 절전모드에서 복귀 후 화면이 들어오지 않을 때 조치 방법\n: https://www.lgservice.co.kr/simple/selectSimpleSearchDetail.do?gubun=SCS&type=keyword&seq=28953&itemId=20151091081640\n[LG전자서비스] 윈도우 10 사용 중 절전모드에서 복귀 후 화면이 들어오지 않나요\n윈도우 10 사용 중 절전모드에서 복귀 후 화면이 들어오지 않나요\nwww.lgservice.co.kr\n증상이 해결이 되지 않은 경우 하단 서비스 메뉴를 통해 \n바로 상담 신청 후 전문 상담사를 통해 자세한 안내를 받아보시기 바랍니다. \n■ 원격상담 예약 > https://www.lgservice.co.kr/reserve/selectRemote.do\n제품에 직접 접속하여 고장 증상에 대해 빠르게 해결해 드립니다.\n(인터넷 연결이 된 상태에서 상담이 가능합니다.)\n■ 전화 상담 예약 > https://www.lgservice.co.kr/reserve/selectCounsel.do\n전문 상담사를 통해 보다 자세한 상담을 나누실 수 있습니다. \n답변이 도움이 되셨길 바랍니다.']",1,https://kin.naver.com/qna/detail.naver?d1id=5&dirId=50202&docId=361224117&qb=67Cx7Iug&enc=utf8&section=kin&rank=65&search_sort=3&spq=0,노트북
7,2020.07.03,[],백신 물에 타서 치료,백신을 물에 타서 치료하는것이 가능한가요?,"['네, 그렇습니다.  ^0^,']",1,https://kin.naver.com/qna/detail.naver?d1id=7&dirId=7010107&docId=361499437&qb=67Cx7Iug&enc=utf8&section=kin&rank=64&search_sort=3&spq=0,감염내과
7,2020.07.03,[],"말 그대로입니다 컴퓨터를 켜면인터넷창 켜지도 않앗는데 지 혼자 갑자기 막 켜지더니 지 혼자 꺼집니다 이걸 10분 동안 반복하다가 나중에는 안그럽니다.
바이러스를 검사하려고해도 v3설치도 안되고 알약은 켜지지 않으며 네이버백신 역시 설치조차안됩니다 무슨 이유인지는 모르겟지만 설치 중에 설치를 할수 없다고 그럽니다. 왜 그럴까요 답답하네요",,"[' 악성코드 자체가 대부분의 백신 프로그램 설치를 막는 것 같습니다. 일부 악성코드는 자기 자신을 지우는 안티바이러스 소프트웨어나 방화벽 등의 보안 기능을 비활성화시키고 보안 관련 제품의 홈페이지 접속을 막기도 합니다.\n 이럴 경우를 대비해 대부분의 백신 소프트웨어는 대체 프로그램이 마련되어 있습니다.\n  V3의 경우 아래 프로그램을,\n http://download.ahnlab.com/vaccine/v3_gamehackkill.exe (링크 클릭시 바로 설치)\n 알약의 경우 아래 프로그램을\n http://advert.estsoft.com/?event=201107112553848 (링크 클릭시 바로 설치)\n ...사용하셔서 검사를 실시해보시기 바랍니다.', '보통 일반적으로 느려지는 정도, 조작이 가능한 정도의 사용조차 이뤄지지 않는 환경이라면 \n소프트웨어적으로 이를 하나하나 고쳐나가는데 시간 소요가 상당한편입니다.\n안전모드(네트워크 사용) 모드로 부팅을 시도하시기 바랍니다.\n이후, 해당 모드에서 Malware Zero를 실행해주세요.\nMalware Zero는 아래의 링크를 통하여 내려받을 수 있습니다.\n무료 내려받기 - Malware Zero\n멀웨어 제로 악성코드 제거 도구를 무료로 내려받으실 수 있습니다. 멀웨어 제로 악성코드 제거 도구는 각종 시설, 기관, 학교, 기업, 가정, 군부대 등에서 무료로 사용 가능합니다.\nmalzero.xyz\n일반 모드에서 내려받으신 후, 안전모드(네트워크 사용)으로 부팅하고, 안전모드에서 압축을 해제한 후,\nStart.bat 파일을 우클릭 - 관리자 권한으로 실행하시기 바랍니다.\n이후 치료가 되고, 최소한의 사용이 가능하게 되면 백신 설치를 시도해보시고, 그럼에도 불구하고\n바이러스 백신의 설치가 이뤄지지 않는 경우 시스템 재설치를 하시는 것이 훨씬 시간 소요가 덜 한 방법이라고\n볼 수 있습니다.\n참고하시고 도움이 되시길 바랍니다.', '윈도우10을 사용하시면 설정메뉴 들어가셔서 로그인 옵션을 해제해 보시고\n[출처: 울지않는 벌새]윈도우10 부팅시 이전 인터넷 창 그대로 뜰대 해결법\n[출처: 울지않는 벌쌔]윈도우10 부팅시 이전 인터넷 창 그대로 뜰대 해결법 2018.10.18 23:09 http://openart.tistory.com/2046 원문가서 내용을 봐주세요 URL 사진등 클릭 해서 꼭 봐주시기 바랍니다.\nstorm1004.tistory.com\n윈도우 버전과 상관없이 크롬이 설치되어 있다면 내장 악성 소프트웨어 제거 도구를 구동해 보시기 바랍니다.\n크롬 광고창, 악성코드 제거 방법\n크롬 쓰다가 광고창이 뜨거나 컴퓨터가 악성코드로 오염되었다 싶을 땐, 크롬 주소 입력하는 부분에 chrome://settings/cleanup 입력 컴퓨터 정리 기능 메뉴가 뜸. 찾기를 클릭하면 한참동안 컴퓨터의 악성코드..\nbulhwang.tistory.com']",3,https://kin.naver.com/qna/detail.naver?d1id=1&dirId=11002&docId=361547323&qb=67Cx7Iug&enc=utf8&section=kin&rank=63&search_sort=3&spq=0,바이러스
7,2020.07.03,"['수학여행', '갈수있을까요', '졸업여행', '#학교생활']",수학여행 갈 수 있을까요?,"제가 올해 중 3인데요 고등학교가서 수학여행이나 졸업여행 갈 수 있나여? 머 지역이나 학교마다 차이는 있겠지만 그래도 알려주세요
제가 진짜 수학여행 가는게 로망인데 친구가 수학여행 고딩되어도 못 갈거래요 학교에서 위험해서 안 보내줄거래요
근데 솔직히 갈수 있지 않아요?","['웬만한 고등학교 거의 다 수학여행 수련회 있습니다. 코로나가 몇년동안 종식되지 않는게 아니라면 갈 수 있어요', '백신 나와도 완전히 해결 할 수 없다고 들었어요. 특히 윗 지역엔 코로나가 발발하니까 당연히 못 가죠.\n제 학교도 수학여행, 발표회 다 취소 됐는데 9월 운동회만은 미정이에요;; \n아무리 청정 지역이라지만 운동회도 취소하면 좋겠다는 마음만 드네요. ', '음..저도 중3입니다만\n백신이 이번년도 안에 만들어진다면 가겠지만\n아니라면 학교에서 캠프나 고등학교 가서 하지 않을까요?ㅜ\n아예 않할리는 없다고 봅니다..\n만약 그러면 학생들이 시위 하겠죠?ㅋㅋ']",3,https://kin.naver.com/qna/detail.naver?d1id=11&dirId=1104&docId=361548476&qb=67Cx7Iug&enc=utf8&section=kin&rank=62&search_sort=3&spq=0,고등학교교육
7,2020.07.03,[],해석 좀 해주세요ㅠㅠ,"The shifting strategies are an acknowledgment that even the most successful countries cannot declare victory until a vaccine is found. They also show the challenge presented by countries like the United states, Brazil and India, where the authorities never fully contained initial outbreaks and from where the coronavirus will continue to threaten to spread. ""It's always going to be with us,"" said Simon James Thornley, an epidemiologist from the University of Auckland in New Zealand. ""I don't think we can eliminate the virus long therm. We're going to need to learn to live with the virus."" Dr Thornley said.","['The shifting strategies are an acknowledgment that even the most successful countries cannot declare victory until a vaccine is found. They also show the challenge presented by countries like the United states, Brazil and India, where the authorities never fully contained initial outbreaks and from where the coronavirus will continue to threaten to spread. ""It\'s always going to be with us,"" said Simon James Thornley, an epidemiologist from the University of Auckland in New Zealand. ""I don\'t think we can eliminate the virus long therm. We\'re going to need to learn to live with the virus."" Dr Thornley said.\n변속 전략은 가장 성공적인 국가일지라도 백신이 발견되기 전까지는 승리를 선언하지 못할 것을 인정하는 것이다. 이런 전략은 미국, 브라질, 인도와 같이 당국이 초기 창궐을 완전히 억제하지 못했으며 코로나 바이러스가 계속 확산 되려는 위협을 하던 국가들의 도전을 보여주기도 한다. 뉴질랜드 오클랜드 대학의 유행병학자 사이몬 제임스 쏜리 박사는 ""코로나 바이러스는 우리와 항상 같이 있을 것이다. 장기적으로 이 바이러스를 제거하는 건 불가능하다고 생각한다. 우리는 코로나 바이러스와 공존하는 방법을 배울 필요가 있을 것이다.""라고 말했다.']",1,https://kin.naver.com/qna/detail.naver?d1id=11&dirId=11080304&docId=361548993&qb=67Cx7Iug&enc=utf8&section=kin&rank=61&search_sort=3&spq=0,"영어 독해, 읽기"
6,2020.07.03,"['게임', '아키에이지', '설치오류']",아키에이지 설치오류,"설치를 하다가 중간에 계속 처음부터 다시 설치 되더라고요
어떡하죠?",['저장장치에 용량이 부족하거나\n혹은\n파일 자체가 토렌트 형식으로 다운을 받아서 압축을 푸는 형태기 때문에 윈도우 디펜더나 백신프로그램이 오작동해서 일부 파일을 걸러내는 경우가 있습니다. 그럴 경우 설치가 제대로 안되어 무한 재설치가 일어나는 상황이 일어날 수 있습니다. \n문제가 지속된다면 XL게임즈 고객지원에 문의하시는게 빠를겁니다.\n채택해주시면 감사하겠습니다.'],1,https://kin.naver.com/qna/detail.naver?d1id=2&dirId=20134&docId=361551172&qb=67Cx7Iug&enc=utf8&section=kin&rank=60&search_sort=3&spq=0,아키에이지
5,2020.07.04,[],마스크 공장,"지금 코로나로 인해서 너도나도 마스크 공장을 하고있잖아요 공장도 확대하고 사업을 자꾸 더벌이고 있고요
근데 그마스크 공장도 지금 너무 많아서 과포화라는 말이 있습니다
백신이 언제나올지 모르고 코로나가 앞으로 더 지속될경우가 많기에 마스크 공장이 많이 필요하다지만
성공이 많을까요 아니면 과포화가 되어 별재미가 없을까요",['마스크 공장이 과포화가 아닌 생산양이랑 수입되는 정도가 많은것입니다 \n만약 님이 말한것처럼 투자를 한상태인데 코로나 종식 되면 재미 없는 수준이 아닌 망할것 이라 생각합니다\n다른 사람에게 사기치듯 팔아버리는 일이 없다면요'],1,https://kin.naver.com/qna/detail.naver?d1id=5&dirId=508&docId=361578069&qb=67Cx7Iug&enc=utf8&section=kin&rank=45&search_sort=3&spq=0,건강의료용품
5,2020.07.04,"['코로나', '백신']",코로나 백신 개발 중인 나라 내공 100,"코로나 백신 개발 중인 나라 대표적으로 어디 어디 인가요 한 3 나라 정도만 알려주세요.
내공 100 드릴게요.","['한국, 미국, 중국']",1,https://kin.naver.com/qna/detail.naver?d1id=3&dirId=31203&docId=361579231&qb=67Cx7Iug&enc=utf8&section=kin&rank=44&search_sort=3&spq=0,조소
5,2020.07.04,[],진심으로 코로나는 평생가는 걸까요 ???,"코로나는 평생가는건가요???

어짜피 걸려서 죽을사람 다죽고

산사람들도 평생 마스크쓰고 살고???

코로나가 평생가도 집에선 살아야하니깐

이제 건물, 아파트, 주택 있는 임대인만 살수있네요?","['치료제 나오면 종결 됩니다. ', '코로나 백신이 개발되면 괜찮을꺼 같아요..\n일단 이번년도까지 코로나로 인해서 고생을 해야할것같아요.. ㅜㅜ']",2,https://kin.naver.com/qna/detail.naver?d1id=8&dirId=80101&docId=361580965&qb=67Cx7Iug&enc=utf8&section=kin&rank=43&search_sort=3&spq=0,"연애, 결혼"
5,2020.07.04,[],cj택배사이트 이거 사기인가요?,"저 문자에 찍힌 사이트로 들어가면 번호찍으라하고 번호찍으면 3번째 사진처럼 나오는데요 3번째 사진에서 밑에 9개는 안눌려지고 참여하기만 누를수있게돼요 그리고 뭐 설치하라는데 다운까지만 받고 설친 안한상탠데요 믿을수있는 사이트나여ㅠㅠ cj대한통운 위에 로고는 눌러도 아무것도 안떠여 아무생각없이 다운하다가 갑자기 느낌이 쎄해서요 사기라면 010으로 온 문잔데 신고가능하나여?

+사이트 주소도 좀 이상해서욥",['신고는 불가능하며 저것은 택배사 문자가 아닌 스미싱문자입니다.\n즉시 폰 공장초기화 혹은 백신을 사용해 점검해줘야 하며\n통신사 고객센터로 전화해 소액결제 차단합니다.\n그리고 혹시 폰에 인증서 같은거 있으면 재발급 / 비밀번호 변경합니다.'],1,https://kin.naver.com/qna/detail.naver?d1id=8&dirId=81302&docId=361581162&qb=67Cx7Iug&enc=utf8&section=kin&rank=42&search_sort=3&spq=0,택배
4,2020.07.04,[],코로나 관련 질문입니다.,어제 낮에 마라탕먹고 스무디먹고 그래서 낮동안 배가 더부룩하고 아픈 다음 낮잠자고 일어났는데 맥박성 두통과 미열이 있었습니다. 그래서 타이레놀 1알 섭취했는데 열은 2시간 정도 후에 내린 다음 10시간이 도래됐는데도 불구하고 아직까진 열이 없습니다. 코로나라고 단정짓긴 애매하겠죠?,"['네, 코로나는 증상으로서는 알수가 없습니다.\n반드시 선별진료소에서 검사를 하여 양성이 나온다면 코로나인지를 알수가 있는 것입니다.\n코로나는 무증상도 많고 아주 경미한 증상도 있으며 감기나 독감증세와 비슷하다고 하며 증상으로는 기침,가래,콧물,발열,인후통,근육통,호흡곤란,설사,복통,결막염,후각 미각 마비등의 디양한 증세가 있다고 합니다.\n전세계 코로나 확진자가 1,100만명 사망자가 52만명이며 대유행을 하고 있는데 아직 백신과 치료제가 개발이 되지 않아 항상 마스크를 쓰고 사람들과 접촉을 피하며 손을 자주 씻는등 개인위생을 잘해야 할것 같습니다.\n감사합니다. \n ', '코로나증상 비교해보시고 확진자동선 체크후 그래도 의심이 된다면 1339번에 전화후 안내 받으시기 바랍니다.\n코로나19 자가진단 코로나세이프 자가진단 받으러 가기\nhttps://dangcare.tistory.com/1329\n코로나19 자가진단 서비스가 개발됐다. 코로나세이프 자가진단 받으러 가기\n코로나19 자가진단 서비스가 개발됐다. 코로나세이프 자가진단 받으러 가기 고고 코로나19 선별 진료소에서 근무하는 공중보건의 등 현직 의사 9명과 MBN 측이 함께 만든 자가진단 서비스는 언제, 어디서나 손쉽..\ndangcare.tistory.com\n코로나맵’ 이어 주변 진료소 정보까지 확인 가능한 ‘코로나 알리미’\n동선확인하시고 주의하세요 *********\nhttps://dangcare.tistory.com/1226\n코로나맵’ 이어 주변 진료소 정보까지 확인 가능한 ‘코로나 알리미’ 등장\n코로나맵’ 이어 주변 진료소 정보까지 확인 가능한 ‘코로나 알리미’ 등장 최근 ‘신종 코로나바이러스’가 국내에 확산됨에 따라 이에 대한 정보를 확인할 수 있는 창구가 하나둘씩 등장하고 있다. 지난달 30일..\ndangcare.tistory.com\n인후통코로나 증상 목아픔코로나 증상 발현 시기코로나 증상 설사코로나 증상 두통코로나코로나 증상\n대전코로나,광주코로나,익산코로나,경기도코로나,서울코로나,인천코로나,코로나확진,수원코로나\n채택시 해피빈은 코로나 관련해서 전액기부됩니다.\n코로나는 아닐거에요 , 건강한 하루되세요']",2,https://kin.naver.com/qna/detail.naver?d1id=7&dirId=70117&docId=361585559&qb=67Cx7Iug&enc=utf8&section=kin&rank=39&search_sort=3&spq=0,가정의학과
4,2020.07.04,"['와이파이', '휴대폰해킹']",보안설정이 되어있지 않은 와이파이 연결시 휴대폰 해킹,"<자세하고 정확한답변만 채택합니다>

제가 오늘 보안설정이 되어있지 않은 와이파이에 휴대폰을 연결 하였는데요, 와이파이 아이콘 옆에 자물쇠표시가 없는 와이파이였습니다.
이름은 kt Wifi였던걸로 기억합니다.
그 와이파이에 연결하여 avast 백신 프로그램 와이파이 검사를 했는데 보안설정이 안되어있어서 위험하다고 하더라구요.
이 와이파이를 연결하고 개인정보 입력이나, 수상한 파일 다운로드는 하지 않았지만
이 보안설정이 되어있지 않은 와이파이를 연결 하는것 만으로도 휴대폰이 해킹당할 수 있나요?","[' 당연히 확신해드릴 수는 없지만, 정답을 말하자면 YES(가능)입니다.\n 특히 공개형 와이파이의 경우, 공공사업으로 설치된 경우는 아직도 현재 권장하는 표준 암호화도 적용이 안 된 곳이 상당하고, 가짜 SSID를 붙인 ""가짜"" 와이파이도 있습니다(사용자를 가짜 와이파이로 연결하게 해서 인터넷은 다른 곳으로 돌려서 되게 하고, 그 와중에 흘러가는 정보는 전부 다 보는 식으로 정보를 유출합니다). 또한 불특정 다수가 와이파이 연결할 수 있는 점을 보았을 때, 침입자가 기기의 설정을 변조하거나 기기 내 트로이 목마(예시)같은 악성코드를 설치할 수도 있는 등 여러 위험성이 존재합니다.\n 보통 연결을 하고 질문자님이 아무런 행동을 하지 않으셔도 앱이나 시스템은 주기적으로 외부와 통신하기 때문에, 그 과정을 통해 휴대전화 기기의 일부 정보가 정당하지 못하게 빠져나갑니다. 추가로 해커가 악의적인 목적으로 방법을 더 쓴다면, 개인정보 유출과 기기 내 정보들 역시 탈취할 수 있습니다.']",1,https://kin.naver.com/qna/detail.naver?d1id=1&dirId=11001&docId=361585476&qb=67Cx7Iug&enc=utf8&section=kin&rank=40&search_sort=3&spq=0,해킹
5,2020.07.04,[],코로나 백신 언제쯤 나올까요?,,['내년에요'],1,https://kin.naver.com/qna/detail.naver?d1id=8&dirId=814&docId=361577260&qb=67Cx7Iug&enc=utf8&section=kin&rank=46&search_sort=3&spq=0,기타
4,2020.07.04,[],SSD 용량이 멋대로 변하는데 고장인가요?,"작년부터 있는 증상인데 제 삼성 250GB SSD가 45GB 남은 상태에서 갑작스럽게 0바이트로 아예 1KB 용량도 남지가 않을 정도로 가득 차버리는 증상이 있습니다.. 이런 상황에서는 파일을 삭제해서 공간을 만들어도 또 바로 차버려서 0바이트가 되어버리네요. 

SSD 검사가 가능한 모든 프로그램상에서 아무런 문제가 없고 윈도우10 사용하면서 업데이트 다 받고 백신도 좋은 백신을 항상 최신 업데이트 상태로 유지하니까 바이러스도 아닌 것으로 보입니다.이런 증세는 보통 어떤 경우에 발생하나요? 심지어 게임이나 무슨 프로그램 업데이트도 아니네요. 0바이트 상태에서는 자꾸 오류가 발생하는 관계로 방금도 게임 삭제해서는 6GB 삭제해서 공간을 만들었는데 또 1분만에 0바이트로 변했습니다.

그리고 가장 신기한 부분은 이렇게 1개월 이상 사용하다가 보면은 어느 순간에 다시 45GB 정상으로 돌아옵니다. 이런 경우가 있나요..?","['1. 가상메모리 값의 유동\n2. 불필요한 파일 관리 부족\n윈도우10 용량부족 현상(C드라이브, D드라이브) 원인 및 조치방법\n용량 부족현상이 생기는 원인  요즘은 SSD에 HDD를 추가해서 SSD는 Adobe Photoshop Adobe Premiere Pro 캐드 윈도우 설치 파일들을 모아두고, HDD에는 동영상 사진 등 고용량의 파일들을 저장합니다. SSD의 주..\ngoaway007.tistory.com']",1,https://kin.naver.com/qna/detail.naver?d1id=1&dirId=1010405&docId=361585596&qb=67Cx7Iug&enc=utf8&section=kin&rank=38&search_sort=3&spq=0,"외장하드, 저장장치"
4,2020.07.04,['#코로나바이러스'],코로나 바이러스가 왜 이렇게 종식이 안 되나요.?,,"['코로나바이러스는 기존의 독감 바이러스에 비해 더 독한 것이 아닙니다.\n1. 진단 방법 자체가 COVID-19과 같은 감염성 질환을 진단함에 쓰여지면 안 되는 방법이기 때문에 옛날에 독감 백신을 맞았다면 양성 반응이 나올 가능성이 높은 것은 물론, 혹시 양성 반응이 나왔다고 하더라도 다시 진단하면 음성으로 나올 가능성도 매우 많습니다. 진단 방법 자체의 오류때문에...\n2. 기존에 독감과 폐렴 등으로 사망하던 사람들을 모두 다 코로나바이러스 희생자로 몰아가기 때문에도 그렇습니다.\n3. 공포 분위기를 조성해서 백신을 강제 접종하기 위한 음모도 있습니다.\n더 자세한 내용은 아래 글을 참조하시기 바랍니다.\nhttps://bit.ly/코로나바이러스-관련-음모론-동영상-모음\n코로나바이러스 관련 음모론 동영상 모음\n사암침법을 포함한 모든 침술의 황제인 정통사암침으로써 명의를 배출하는 정통사암오행침구학회에서 코로나바이러스 관련 음모론 동영상을 구글에서 삭제하기에 아래와 같이 공유합니다. 계속 업데이트가 될 것이며, 많이 공유하시기 바랍니다.\nbit.ly']",1,https://kin.naver.com/qna/detail.naver?d1id=7&dirId=70105&docId=361586242&qb=67Cx7Iug&enc=utf8&section=kin&rank=37&search_sort=3&spq=0,흉부외과
5,2020.07.04,[],컴퓨터 광고창 자꾸뜸,크롬들어갔을때 좀 막만진후부터 이러는데 랜섬웨어나 이런거 일까요?어떻게 해결해야하죠? 백신프로그램에는 안잡혀요,"[' 우측 하단에 팝업으로 알림이 뜨는 경우는 보통 애드웨어 감염보다는 알림을 띄울 수 있는 사이트의 권한이 잘못 설정되어 일어나는 경우가 많습니다. \n 크롬 브라우저를 켜신 다음 아래 주소를 주소창에 입력하셔서 알림 설정으로 넘어가시면\nchrome://settings/content/notifications?search=%EC%95%8C%EB%A6%BC\n알림 설정이 나올겁니다. 차단과 허용 목록에 사이트들이 등록되어있을 텐데, 허용 목록을 확인하셔서 혹시 원하지 않는 사이트가 알림을 띄울 수 있게 권한이 부여되었는지 확인해보세요. 만약 있다면 권한을 박탈하시면 됩니다. (차단)']",1,https://kin.naver.com/qna/detail.naver?d1id=1&dirId=11002&docId=361582521&qb=67Cx7Iug&enc=utf8&section=kin&rank=41&search_sort=3&spq=0,바이러스
5,2020.07.04,[],코로나 종식안됩니까?,,"['점점갈수록 독감처럼 될것임.\n사실 100년전 스페인 독감이 그랬음.\n지금은 독감 백신 맞아서 예방하잖아?\n그리고 사실 독감 백신 맞아도 독감 걸린다는게 함정이지만\n(독감 유형이 다양한데, 그중에 그 해 유행할거 같은 것들만 조합해서 만드는게 3가백신, 4가백신 이런식이에요)\n아마 \n코로나 백신\n30000원\n영유아, 노인 무료 접종\n(그냥 개인적인 생각엔 3가 독감 백신 + 코로나, 혹은 4가 독감 백신 + 코로나 이런백신으로 나올가능성이 큼)\n이런식으로 내과/소아과에 붙어 있게 될것임.\n종식이 어려운건\n백신 제작중인 곳에서 백신을 만들어도 항체가 오래가지 못한다고 함.']",1,https://kin.naver.com/qna/detail.naver?d1id=9&dirId=9020203&docId=361576176&qb=67Cx7Iug&enc=utf8&section=kin&rank=47&search_sort=3&spq=0,남아메리카
6,2020.07.04,[],코로나가 언제 종료되나요,,"['종료는 힘들고 , 백신이나 약이 나와야  상황이 진정될 것 같아요..']",1,https://kin.naver.com/qna/detail.naver?d1id=11&dirId=111604&docId=361567840&qb=67Cx7Iug&enc=utf8&section=kin&rank=51&search_sort=3&spq=0,해부학
5,2020.07.04,"['근거자료', '정확하고빠른답변부탁드립니다ㅠ']",코로나 언제까지갈까요,진짜 코로나때문에 집에만 있어야 되고 너무 답딥합니다 진짜 언제끝날까요? WHO에서 2주간 치료제 임상실험 결과나온다고 하는데 학교도 못하고 진짜 언제끝날까요,['코로나가 변이를 일으키는 관계로\n종식이  힘들게  생겼습니다.\n백신  개발이 그 변종을 못 따라가니\n걱정입니다.'],1,https://kin.naver.com/qna/detail.naver?d1id=12&dirId=12093120&docId=361574607&qb=67Cx7Iug&enc=utf8&section=kin&rank=49&search_sort=3&spq=0,안녕동
5,2020.07.04,[],신종인플루엔자에 대해서...,"신종인플루엔자도 예전보다 잠잠해진것도 백신으로 인한 집단면역인가요??

아니면 일부가 백신을 맞아 그냥 그 일부만만이 신종인플루엔자에 대한 면역이 생긴건가요???

빠르고 정확한 답변 부탁드립니다. ",['신종플루는 타미플루라는 치료제가있습니다.'],1,https://kin.naver.com/qna/detail.naver?d1id=7&dirId=7010107&docId=361572393&qb=67Cx7Iug&enc=utf8&section=kin&rank=50&search_sort=3&spq=0,감염내과
4,2020.07.04,[],코로나 목아픔,그저께 동생이 감기 걸려와서 병원가서 진찰하니까 담날까지 열 안떨어지면 코로나 검사 하라길래 담날 열쟀는데 열 안나서 검사 안했거든요 근데 오늘 갑자기 제가 목이 정말 너무 아프고 코가 막혀요 혹시 코로나 일까요 아니면 그녕 동생한테 옮은걸까요,"['네, 코로나인지는 증상으로서는 알수가 없습니다.\n선별진료소에서 검사를 해봐야 알수가 있는데요.\n질문자님이 증상이 있다면 약을 먹어보고 그래도 낫지 않는다면 질병본부 1339나 지역번호+120이나 보건소에 전화를 하여 상담을 받아 보시기를 바랍니다.\n코로나 바이러스는 무증상도 있고 아주 경미한 증상도 있으며 감기나 독감증세와 비슷하다고 하며 증상으로는 기침,가래,콧물,발열,인후통,근육통,호흡곤란,설사,복통,결막염,후각 미각 마비등의 다양한 증세가 있다고 합니다.\n전세계 코로나 확진자는 1,100만명 그리고 사망자는 52만명이라고 하는데 아직 백신과 치료제가 개발이 되지 않아서 항상 마스크를 쓰고 사람들과 접촉을 피하며 손을 자주 씻는등 개인위생을 잘해야 할것입니다.\n감사합니다.', '코로나증상 비교해보시고 확진자동선 체크후 그래도 의심이 된다면 1339번에 전화후 안내 받으시기 바랍니다.\n코로나19 자가진단 코로나세이프 자가진단 받으러 가기\nhttps://dangcare.tistory.com/1329\n코로나19 자가진단 서비스가 개발됐다. 코로나세이프 자가진단 받으러 가기\n코로나19 자가진단 서비스가 개발됐다. 코로나세이프 자가진단 받으러 가기 고고 코로나19 선별 진료소에서 근무하는 공중보건의 등 현직 의사 9명과 MBN 측이 함께 만든 자가진단 서비스는 언제, 어디서나 손쉽..\ndangcare.tistory.com\n코로나맵’ 이어 주변 진료소 정보까지 확인 가능한 ‘코로나 알리미’\n동선확인하시고 주의하세요 *********\nhttps://dangcare.tistory.com/1226\n코로나맵’ 이어 주변 진료소 정보까지 확인 가능한 ‘코로나 알리미’ 등장\n코로나맵’ 이어 주변 진료소 정보까지 확인 가능한 ‘코로나 알리미’ 등장 최근 ‘신종 코로나바이러스’가 국내에 확산됨에 따라 이에 대한 정보를 확인할 수 있는 창구가 하나둘씩 등장하고 있다. 지난달 30일..\ndangcare.tistory.com\n인후통코로나 증상 목아픔코로나 증상 발현 시기코로나 증상 설사코로나 증상 두통코로나코로나 증상\n대전코로나,광주코로나,익산코로나,경기도코로나,서울코로나,인천코로나,코로나확진,수원코로나\n채택시 해피빈은 코로나 관련해서 전액기부됩니다.\n코로나는 아닐거에요 , 건강한 하루되세요']",2,https://kin.naver.com/qna/detail.naver?d1id=7&dirId=70117&docId=361586386&qb=67Cx7Iug&enc=utf8&section=kin&rank=36&search_sort=3&spq=0,가정의학과
6,2020.07.04,[],불필요한 프로그램 제거하고 싶은데 뭐가뭔지 잘몰라서요ㅠㅠ,,"['비교적 깔끔히 잘 관리하고 계신 듯....\n딱히 지울 것은 없어 보입니다만...\n나라면, \nAvast Free Antivirus 같은 무료 백신을 사용하느니,\n무료 백신등은 지워 버리고, \n그냥 윈도우 디펜더를 사용할 것입니다. \nClip Down 등은 당연히 사용할테니 그냥 놔두시고,\nColorEngine은 필수는 아니지만, 필요한 분들도 계실 것이고...\n굳이 지워야 한다면 온라인상담(이것 별로 할 일 없을테니...)정도 지우면 될 듯...\n진짜 악랄한 악성코드나 바이러스등은 프로그램 추가/제거 목록에 표시되지 않습니다.\n이런 경우엔 바이러스제로시즌2 에 가서 MZK를 다운로드 받아 \n악성코드를 제거하시고요..\nhttps://malzero.xyz/download\n무료 내려받기 - Malware Zero\n멀웨어 제로 악성코드 제거 도구를 무료로 내려받으실 수 있습니다. 멀웨어 제로 악성코드 제거 도구는 각종 시설, 기관, 학교, 기업, 가정, 군부대 등에서 무료로 사용 가능합니다.\nmalzero.xyz\n혹시, 노트북이 느려졌다거나, 제성능이 안 나오면,\nIobit Advanced Systemcare 등으로 시스템 케어하시고....\nhttps://www.iobit.com/ko/advancedsystemcarefree.php#googtrans(ko)', '의심되는게 보이질 않습니다.\n그런데도, 광고창이 뜨거나 렉이 심하게 걸릴 경우 제어판에 나타나지 않는 악성 프로그램인 경우이니 아래와 같이 해보시길 바랍니다.\n네이버에서 ""길호넷 윈도우클리너"" 또는 ""KCleaner"" 를 다운받고 실행해 주신후 (* 설치 필요 없습니다) CleanIE 체크하고 초기화 한번 하세요\n기본 프로그램만 남기고 종료를 하기 때문에 대부분 악성프로그램들은 종료가 될겁니다.\n재부팅 후에 광고가 뜬다면, 윈도우클리너 실행한 다음 아래와 같이 시작프로그램을 정리해주세요.\n윈도우키+R 누른후 msconfig.exe 입력 후 시작프로그램 탭에서 모르는 프로그램들 체크 지우시고\n제어판 - 관리도구 - 작업 스케쥴러 - 작업스케쥴러 라이브러리에서도 모르는 것들 오른쪽 마우스 눌러서 사용안함 하신 후 재부팅하시면 됩니다.\n윈도우클리너와 같은 류의 프로그램들 중에 설치를 하는 것 대부분이 오히려 악성 행위를 하거나 결제를 유도하는 것이니 설치 없이 사용할 수 있는 프로그램을 사용하시고 만약 설치하신게 있다면 삭제하시길 추천합니다.\n* 정상적인 공개프로그램도 악성프로그램을 결합해서 블로그에서 배포하는 경우가 많으니, 잘 모르는 블로그 등에서는 절때 다운 받지 말고 네이버 자료실이나 개발자 사이트에서 받기를 바랍니다.']",2,https://kin.naver.com/qna/detail.naver?d1id=1&dirId=10206&docId=361565412&qb=67Cx7Iug&enc=utf8&section=kin&rank=53&search_sort=3&spq=0,유틸리티
6,2020.07.04,[],노트북화면이 검게나오는데 뭐가망가진건가요?,"노트북 키면 처음에는 괜찮은데 닫았다가
열면 화면이 검게 변하고 마우스만 나타납니다","['노트북의 경우\nhttp://blog.naver.com/kkm881130/220378278049\n위의 버튼을 누르면 해결 방법을 볼 수 있습니다.\n--------------------------------------------------------------------------------------\n데스크탑의 경우\n★ 아래를 참고해보세요.\n1. 바탕화면에서 Ctrl Shift Esc 누르시거나 또는 Ctrl Alt Delete 눌러서 작업관리자 화면을 띄웁니다.\n2. 프로세스 탭에 explorer.exe 선택후 - 프로세스 끝내기를 클릭합니다.\n3. 작업관리자 메뉴중 파일을 클릭한 다음 새 작업(실행)을 클릭합니다.\n4. 열기 텍스트 상자에 explorer.exe를 입력한 다음 확인을 클릭합니다.\n5. 백신 프로그램을 실행 하여 치료합니다.\n★ 위로 않되시면 안전모드로 부팅후 아래의 작업을 해보세요.\n[전원을 on하시고 F8키를 연타해 안전모드로]\n시작 - 아래 검색란에 시스템복원 - 검색된 시스템복원 실행 - 다음 - 적당한 날 선택 다음 - 마침\nhttp://blog.naver.com/rentallmoa?Redirect=Log&logNo=220958261743\n윈도우10컴퓨터의 경우 위의 버튼을 누르면 안전모드 진입방법을 볼 수 있습니다.\n[만든 폴더나 파일은 삭제되지 않으나 해당 날 이후에 설치된 프로그램이나 드라이버는 모두 삭제되므로 필요시 재설치 해야함]\n--------------------------------------------------------------------------------------\n검은 바탕화면에서 Ctrl Alt Delete 키를 눌러서 작업관리자를 띄웁니다.\n작업 관리자에서 Explorer.exe를 강제로 종료 시킵니다.\n작업 관리자 메뉴 탭에서 파일 - 새 작업을 클릭하여 Explorer.exe를 입력한 후 바탕화면 진입 후, 백신 프로그램 검사를 진행하여 악성 코드 및 멀웨어에 감염된 내용을 치료하시면 됩니다.\n바탕화면에서 Ctrl Shift Esc 누르시거나 또는 Ctrl Alt Delete 버튼을 누를 경우 한번에 작업관리자가 열리지 않을 수 있으나 여러번 반복해서 누르면 작업관리자가 열릴 것이니 이후의 작업을 진행하면 됩니다.\n키보드나 마우스의 작동이 안될 경우 아래의 방법을 참고해 주시기 바랍니다.\n사용 중에 컴퓨터가 자주 다운되는 경우 원인이 다양할 수 있습니다.\n다음 사이트를 방문하시면 해결하시는데 도움이 될 수 있을 듯 합니다.\n[확인하기1] http://s1info.tistory.com/200\n[확인하기2] http://shining96.tistory.com/30\n[확인하기3] http://support.hp.com/kr-ko/document/c00052544#AbT1\n위의 인터넷 주소를 복사 후 주소표시줄에 붙여넣기하면 내용을 볼 수 있습니다.\n출처http://blog.naver.com/kkm881130/220378278049 페로몬소녀님의 블로그 \n또는 컴퓨터를 부팅 후 기다리기만 해도 노트북 컴퓨터에 오류가 있다면 오류 화면이 뜨지만 오류가 없을 경우 바탕화면까지 넘어가게 되므로 조급한 마음을 갖지 말고 여유를 갖고 기다려 보시기 바랍니다.']",1,https://kin.naver.com/qna/detail.naver?d1id=1&dirId=10102&docId=361560897&qb=67Cx7Iug&enc=utf8&section=kin&rank=54&search_sort=3&spq=0,노트북
6,2020.07.04,[],노트북 오류 문제,"노트북 램이 부족하다 떠서 작업관리자 들어갔는데 12기가램중에 크롬 단 한개를 띄워놓았는데 시스템 호스트 수십개가 각각 100메가씩 먹고 있더라고요 그래서 해결하려 했는데 갑자기 컴퓨터가 무반응으로 바뀌더니 해상도가 낮게 바뀌고, 엄청나게 큰 삐이이이 소리와 함께 화면이 꺼졌습니다.재부팅해도 똑같네요 원래 안그랬는데 어떻게 해야하나요?","['우선 과거  크롬은 시스템 리소스를 너무 차지한다고 여러 유저들로부터 지적이 여러번 되었고, 여러 통신 매체 로 부터도 기사가 나왔었습니다.\n그러나 이건 몇년전 일이라 상관이 없을겁니다.\n보통 질문자께서 말하는 현상들은...\n컴퓨터 바이러스일 확률이 높아보여요.\n 보통 바이러스에 걸리면 질문자 께서 말한 현상들이 ㄷ대부분 일어나거든요.\n그러고 백신이 아닌 컴퓨터 사용자가 스스로 뭔가 조취를 취하려 하면 재부팅 된다거나, 입력장치(키보드나 마우스)가 먹통이 되기도 해요.\n되도록 하드 포멧 후 윈도우 재설치를 권해드려요.\n윈도우 재설치 한 다음, 백신부터 설치 후 최신 업데이트를 받아놓는것도 중요해요.\n포멧후 윈도우를 재설치해도 존재하는 바이러스가 일부 존재하거든요.']",1,https://kin.naver.com/qna/detail.naver?d1id=1&dirId=10102&docId=361560266&qb=67Cx7Iug&enc=utf8&section=kin&rank=55&search_sort=3&spq=0,노트북
6,2020.07.04,['#단주한의원'],"이런것도 병원가서 치료받을수있을까요..??

제가어릴적부터 아버지가 폭력적이며 알콜중독이셨고 현재는 술은 안드시지만
정신이 조금 오락가락하시고 혼자 계세요
제가 궁금한건요,
제가 중학생때부터 성인이될때까지 시설이나 친척들 집에 전전하면서 살다가 현재 친구와같이 사는데요. 친구가 같이있을땐 그러지않는데 저 혼자있을때 제가 좀 이상하단걸 느껴요 불안한 마음이들고 특히 밥을먹을때 제가 아버지와 똑같다는생각이들어요 아버지가 음식에대한 집착이 있었는데 제가 아버지가 된것같은(?)생각이들어요 밥먹으면서 아버지가 밥먹는모습이 머릿속에 계속 그려진다고 해야할까요?
그러면서 불안하고 이 생각을 없애기위해서 제 손으로 머리를 때려요(1~2대정도)
그렇게하고나면 좀 몸이 떨리는데 혼자 진정시켜요
요즘 이 주기(?)가 좀 심해진거 같아요
혹시 이런것도 병원가서 상담받을수 있을까요?",,"['정신병원이나,심리치료병원 등등 다양한 전문 병원을 찾아가시면 치료가 가능합니다.', '어릴때 많이 힘드셨겠어요...\n위로라도 해드리겠습니다\n그리고 위에 분 말처럼 상담을 받아보고 심리치료를 해보시는게 좋을거 같야요', ""인간은  동물중에서  가장 오랜 기간 부모의 품에서  살다가,  가장 늦게 독립하는  동물입니다.\n그 기간 동안, 충분히  '안전, 숙식, 보살핌'을 받은  사람들은  때가 되면  대부분 알아서 독립합니다.\n( 대부분은 그렇습니다.   예외적으로  마마보이나  철딱서니 없는 아가씨가 되기도 하지만,  그것은 너무 과도한 경우죠.)\n하지만, 님처럼  어려서 부터  보호가 아닌  학대와 불안속에서 살아가는 경우는   '보호받고 싶은 욕구가   의존하고 싶은 욕구'로 변합니다.   그래서 혼자 있으면 불안한 겁니다.   아직 떠날 준비가 안된겁니다. 독립할 준비가 안된겁니다.\n지금 친구도 님에게 '일시적인'  보호장치가 될 수 있으나,   곧 떠날 겁니다.   또한  그 친구가  님을 부담스러워 하게 되기 쉽습니다.    당연한 것이니  섭섭해 하지 마십시요.   경제적인 필요에 의해 같이 있을 수는 있어도,  님의 친구가  님에게 보호자나 부모 역활을 할 수는 없습니다.   그 친구도 마찬가지로 어릴 테니까요.\n-----------------------------\n님이 해야 할 일은,   빨리   '정신적인 독립,  강인한 정신력을 키우기' 입니다.\n어차피 세상  혼자 살다   혼자 가는 것...이란 생각,  나는 절대로 쓰러지지 않는다,   남들보다 더 강해지리라....하는  정신력을 키워야 합니다.\n1.  해병대, 특전사, UDT,  같은  강한 군대에 가서   육체와 정신을 단련하십시요.  그곳에서  전우애, 동지애, 책임감, 가족감을 배우십시요.   의지할 상대가 아니라,  님이 믿고 지켜줄 가족, 동료를 찾으십시요.  \n2.  나쁜 길로 빠지지 않도록  자신의 영혼을  지키십시요.    \n3.  좋은 메토, 스승을 찾아서  부모로 모십시요.    그렇게 독립해 나가십시요.\n행운을 빕니다.\n아래 내용은 반드시 알아두십시요.  님의 가슴속에 남아있는 불안감을 조금은  줄여줄 것입니다.\n과거를 잊고 떠나보낼 수 있을지도 몰라요.  그리고 미래를 조심하십시요.\n---------------------------------------------------------\n알콜중독 환자가 1명만 있으도 집안은 풍비박산이 됩니다. \n가정파탄 학대 이혼 폭력, 심지어 대물림 되기도 합니다.\n 겪어보지 않은 일반인들은 이런 것을 전혀 이해할 수 없어요. 상상조차 할 수 없답니다. \n 알콜중독은 일반질병과 달라서, 그저 좋은 병원에 많은 돈을 내고 맡기기만 하면 알아서 치료되는 질병이 아닙니다. 가족이 철저하게 알콜중독에 대해 배워야 하며, 대처법을 배우고 깨우쳐야만 합니다. 그래야 환자를 구하고 가정을 구할 수 잇어요. 최소한, 자기 자신을 구할 수 있습니다.\n 그러나 학교, 직장에서도 가르쳐주지 않기에 배울 기회가 거의 없는게 현실입니다. 책을 읽어봐도 잘 이해가 안되죠. 왜냐면 겪어보지 않았으니까. ( 하지만 님처럼 겪어본 사람들은 책을 읽으면 엄청난 것을 깨닫게 되실 겁니다.)\n 알콜중독 환자는 몰라서... 배운 적이 없어서 걸리게 된 피해자입니다. 가족들 역시 몰라서 대처를 잘못하여 최악으로 치닫는 것이 알콜중독입니다.\n 아래 글과 시중에서 책을 몇권 구입해서 읽어보시고, 네이버 지식인에서 ‘알콜중독’으로 검색하셔서 알콜중독 환자의 가족들이 피눈물로 쓴 글들을 매일 매일 읽어보세요.(간혹 의료기관을 사기꾼이라고 주장하는 글도 보게 될 것입니다. 알콜환자들의 특성이니 감안하고 읽어주십시오. 그런 특성을 배워가야 합니다) \n알콜해독 한방치료와 함께 몇 달간 글을 읽다보면 저절로 알콜중독환자들의 특성과 대처방법을 스스로 깨우치게 될 것입니다.\n이를 깨우치지 않고 치료를 한다는 것은 모래성을 쌓는 것과 똑같은 것입니다. ‘무한반복 + 가정파괴’만 뒤따르게 됩니다.\n 알콜의존증 환자의 가족들이 반드시 알아야 할, \n환자들의 행동 패턴\n  1. 거짓말을 잘 한다.\n2. 핑계와 자기 합리화, 궤변에 능숙하다.\n3. 화를 잘 내고 쉽게 흥분한다.\n4. 술을 마시기 위해 수단 방법을 가리지 않는다.\n5. 지키지 않을 약속을 수시로 한다.\n6. 남 탓을 하며, 자신은 아무 잘못이 없다고 억지를 부린다.\n7. 자신은 알콜의존증이 아니라고 생각한다.\n8. 자기를 건드리지만 않으면 화를 내지 않는다고 말한다.\n9. 등뒤에서 잡아먹을 듯한 눈빛으로 노려본다.\n10. 폭언, 폭력, 욕설을 한 뒤엔 기억을 못한다고 한다.\n어때요? 거의 똑같나요?\n ( 이런 행동은 환자의 정상적인 뇌가 하는 말이 아니라, 알콜이란 물질에 의해 병든 뇌가 하는 말입니다. 마치 바이러스 감염된 컴퓨터처럼 오작동을 하는 것입니다. 따라서 환자가 하는 말과 행동에 큰 의미를 두지 마십시요. 보호자들과 가족이 마음에 상처를 입고 괴로울 뿐입니다. 주독이 해독되고 뇌가 회복되면 저런 행동은 저절로 없어집니다. 마치 컴퓨터백신에 의해 치료된 것처럼 회복하게 됩니다. 완벽하진 않더라도 많이 회복됩니다. )\n  중독 = 내성\n 항생제 남용하게 되면 내성이 생겨서 약발이 듣지 않게 되어, 더 많은 량, 혹은 더 독한 항생제를 써야 한다는 이야기를 들어보셨을 것입니다.\n알콜도 똑같이 내성이 생기게 되는데, 처음에는 적은 량에도 충분히 취하고 즐거웠으나 알콜을 남용하게 되면 내성이 생기고 알콜의 약발이 듣지 않게 됩니다. 그래서 더 많은 량의 알콜을 한꺼번에 마셔야만 예전과 비슷한 만족을 느끼게 되는 것이지요. 그게 바로 중독이랍니다. 주량이 늘어나는 이유입니다. 그러나 이는 몸이 좋아져서 주량이 느는게 아니라, 내성에 의해 약발이 듣지 않게 된 이유랍니다.\n따라서 절대로 주량이 느는 것을 좋아해선 안됩니다. 자신이 중독에 빠지고 있다는 증거일 뿐이랍니다.( 억지로 주량을 늘리려고 애쓰지 마세요. )\n 중독을 치료하려면 이런 내성을 없애고, 갈망감과 금단현상을 감소시켜야 하는데, 처음 술을 배울 때처럼 적은 량으로도 충분히 만족감을 느끼게 해 줌으로써 음주량을 스스로 줄이게 도와줍니다. 또한 마신 술의 량이 적어지기 때문에 뇌손상을 줄여주게 되며, 약을 통해 뇌건강을 되살려 줌으로써 완전한 회복을 도와주게 되는 것이지요.\n  시간이 갈수록 악화되는 ‘진행성 질병’입니다.\n 알콜은 1종 마약입니다. 1종 발암물질입니다. 1종입니다. \n(1종.. 가장 강력하단 뜻이지요. )\n한번 마신 술이 깨는데는 1일이면 됩니다. 그러나 알콜조절능력을 담당하는 대뇌전두엽을 파괴하는 독성물질이 해독되는데는 40일 정도가 걸린다고 합니다. 40일 전에도 여러번 술을 마시기 때문에 독성물질은 미처 해독되기 전에 뇌안에 가득차게 됩니다. 결국 술을 마시지 않는 날에도 뇌손상이 지속적으로 진행되며, 알콜조절능력은 더욱 떨어지게 됩니다. 그래서 시간이 갈수록 더 악화되는 겁니다.\n 따라서 하루라도 빨리 단주를 할 수 있도록 가족이 서둘러야 합니다. 반드시.. 반드시..반드시 전문가의 도움을 받으십시오. ‘할 수 있는 모든 방법을 다 동원해야 합니다. 그래야 겨우 겨우 정말 어렵게 호전됩니다. 이것 저것 따져서 한가지 방법으로 단주하려고 하는 것은 실패할 뿐입니다.\n 절대로 환자 혼자 의지로만 단주하게 하지 마십시오. 가장 실패율이 높은 방법입니다. 거의 불가능해요. 의지만으로 단주하라고 주장하는 것은 모든 것을 환자 탓으로 돌리기 위함입니다. \n (( 아래 도표를 클릭하시면 큰 화면으로 보실 수 있습니다. ))\n  전구증세\n진행성증세\n중대한 위기 증세\n만성증세\n해방감을 위해 때때로 마신다.\n알콜 선취\n음주조절능력 상실\n오랜 시간동안 취한 상태 유지\n해방감을 위해 매일 마신다.\n술을 꿀꺽꿀꺽 마신다.\n공격적 행동\n알콜 내성이 상실\n알콜에 대한 내성의 증진\n최초의 기억상실\n끊임없는 가책\n인격의 타락\n  은밀한 음주\n한때 술을 끊는다.\n사고력장애\n  음주에 대한 죄책감\n마시는 습관을 바꾼다.\n보다 열등한 사람과 마신다.\n  음주에 대한 논의 피함\n해장술을 마신다.\n화학제품을 마신다.\n  기억상실 증가\n친구들이 피한다.\n막연한 공포\n    직장을 잃거나 그만둔다.\n떨림\n    모든 행동을 알콜 중심으로 한다.\n알콜에 의한 정신병 발생\n    알콜 의존자의 변명\n정신운동의 억제\n    사회적 압박감에서 회피\n음주에 대한 강박감\n    과장된 태도\n막연한 종교적 열망\n    자기연민\n구실을 못찾음\n    모든 문제에 흥미 상실\n완전한 패배를 인정\n    타인과의 교제를 싫어함\n      일시적 도피\n정신불구 조기사망\n    알콜 보급에 대한 관심\n    영양에 무관심\n    가정생활 변화\n    불합리한 변화\n    성적욕구감퇴\n    질투와 의처증\n    입원\n 보호자들이 환자를 대할 때, 가져야 할 마음 자세\n 주독(=술독)이 대뇌의 전두엽을 손상시키면 환자의 인격, 가치관, 도덕성, 죄의식, 양심이 사라지게 됩니다. 그렇게 때문에 환자는 자신의 행동에 대해 아무런 문제의식을 갖지 못한답니다. 그런 자신에게 보호자들이 화를 내거나 눈물로 애원을 하거나, 술을 마시지 못하게 하면 환자는 더욱 반발하게 되는 것입니다.\n반면에 분노, 우울감, 외로움, 처량함을 느끼는 뇌부분은 활성화가 되어 있어 항상 무서운 눈빛을 하거나, 싸우고자 하는 것입니다. 술 때문에 우울증이 생기는겁니다.\n 이런 현상은 술, 알코올의 약리작용입니다.\n 인간이 알코올이란 약물에 중독이 되면, 바이러스에 감염된 컴퓨터처럼 거짓말을 술술하고 부끄러움을 느끼지 못하여 아무대서나 드러눕는 등 무례한 행동을 하며, 죄의식없이 함부로 욕을 하거나 폭력을 휘두르게 됩니다.\n 그러나 컴퓨터 바이러스를 치료하는 백신을 설치하면 컴퓨터가 정상작동 되듯이, 한약을 복용하여 주독을 치료하게 되면 정상적인 인격체로 돌아가게 되어 폭언과 폭력이 없어지고, 잡아먹을 듯한 눈빛이 사라지고 미소와 웃음을 짓는 점잖은 사람으로 완전히 바뀌게 된답니다. \n 따라서 가족과 보호자들은 \n‘ 왜 아빠는 내가 이렇게 괴로워하고 슬퍼하는데 고치려고 하지 않나? ’ \n‘ 내가 이렇게 눈물로 호소하는데, 왜 술을 끊으려고 하지 않을까? ’ \n‘ 아빠는 나를 사랑하지 않나보다. ’ ‘아빠를 죽여버리고 싶다.’ \n‘ 당장 이혼하고 싶다. ’는 생각을 하지 마시고, \n ‘지금 저 사람은 내 남편이 아니다. 술이란 놈이 내 남편의 영혼을 몰아내고 그 자리를 차지 하고 앉아서, 내 남편의 혀와 팔다리를 놀리고 있다. ’라고 생각해야 합니다. (지킬박사와 하이드, 늑대인간처럼 다른 인격체가 수시로 바뀌면서 나타나는 것이 알콜중독입니다.)\n 그래야만 가족과 보호자가 마음의 상처를 입지 않게 되며, 술이란 악마의 약물로 부터 환자를 구해낼 수 있습니다.\n 더불어, 알콜은 환자로 하여금 ‘강한 자 앞에선 비굴하게, 약한 자 앞에선 한없이 잔인하고 비열하게 행동하도록 만듭니다.’ 따라서 가족은 절대로 나약한 모습을 보여선 안됩니다. 항상 냉정하고 강인한 모습으로 대처하십시오.\n강인하단 것은 소리를 지르고 감정적으로 대하라는게 아니라, ‘언제든 무력으로 제압할 수 있거나,강제입원 시킬 준비가 되어있다. 또는 언제든 이혼할 준비가 끝났다.’ ‘절대로 네 놈의 장난질과 거짓말 궤변에 끌려다니지 않는다.’는 것을 확실히 행동으로 보여주 는 것을 말합니다. 약간의 틈도 알콜이란 악마에게 보여줘선 안됩니다. 틈을 파고들려고 할 땐 ‘눈도 마주치지 말고 냉정하고 차갑게’ 돌아서서 자리를 피해야 합니다. 버릇 잘못 들은 아이들은 부모가 때부릴 때 마다 오냐오냐 키워서 그렇습니다. 그걸 다시 되돌리는 방법은 원칙대로 하는 것 뿐입니다.\n  알콜의존증 환자가 완전히 단주를 성공하려면, ‘자신이 알콜의존증 환자이며, 이는 유전병이고 체질병이며, 남들과 달리 알콜성분에 취약한 유전자를 갖고 태어난 것이며, 잠자는 사자(유전자)를 깨워서는 안된다.’는 것을 깨닫게 해야만 합니다.\n “5병의 술은 부족했으나, 단 한 잔의 술은 과하더라...”\n   여성 알콜중독의 특징\n 1. 임신하면 저절로 술을 먹기 싫어하면 끊게 됨.\n2. 출산하면 얼마 지나지 않아서 다시 원상태로 음주하게 되며, 그동안 못 마신 술을 한꺼번에 다 먹을 정도로 급격히 악화됨.\n  버려야 하는 기존 상식\n 자기 의지로만 끊어야 한다?? 절대 아닙니다.\n  기존의 의학에선 환자의 강하고 독한 의지만으로 끊어야 한다고 가르치고 있습니다. 그러나 이는 옳지 않은 주장입니다. 머릿속에서 지워버리십시오.\n  이는 오히려 환자로 하여금\n ‘난 정말 노력했어, 할만큼 다 했어, 그래도 안되는 걸 어떻게 해, 미친 듯이 올라오는 금단현상과 갈망감을 더 이상 견디기 힘들어, 의지만으로 더 이상은 못 견디겠어, 난 이 정도가 한계야 이제 포기할래. 내 의지는 이것밖에 안되나봐. 역시 불치병이였어. 이제 나에게 더 이상 의지를 강요하지마. 그냥 이러다 죽을래. 어차피 병원에 가봐야 해주는 것도 없으면서 나를 나쁜 놈으로 몰아세울 뿐이지. 내가 의지가 약하다고 타박할 뿐이야. 그런 병원치료는 더 이상 필요없어. ’...라는 생각을 만들어 줄 뿐입니다. 이것이 바로 자기가 알콜중독임을 밝히고 인정하기를 꺼리게 만드는 이유랍니다. 따라서 ‘처음에 어떤 치료를 선택하는가’가 아주 중요하답니다.\n 소변이 마려운데 고속버스를 타고 3시간을 달려야 한다고 가정합시다. 3시간동안 무슨 생각만 날까요? 오직 화장실만 생각날 것입니다. 그런 욕구를 의지로만 견디라고 하면 과연 될까요? 한두번은 견딜 수 있겠지만, 매번 가능할까요? 결국 환자는 치료를 포기하고 만답니다. 그런 고통을 굳이 의지로 치료해야만 멋있고 자랑스러운 것일까요? 해독제를 먹는 것은 부끄러운게 아니랍니다. \n 배고픔을 없애주는 한약이 있듯이, 갈망감을 없애주는 한약이 있으니 그것으로 치료하시고, 환자에게 의지가 약하다고 비난해선 안됩니다.\n 독사에게 물려 중독되었을 때 해독제를 먹는게 부끄러운게 아니듯이, 알콜이란 약물에 중독이 되었을 때 해독제를 먹는 것도 부끄러운게 아니랍니다. 주변에 피해를 끼치면서도 치료를 거부하는게 부끄러운 겁니다. \n  단주? 절주?\n 어떤 환자분들은 평생 술 끊는 것은 싫고, 절주를 하고 싶다고 하기도 합니다. 그만큼 술 마시고 노는 것이 즐겁고 재밌기도 하지만, 그것 말고는 할 것이 없기 때문이기 때문입니다. 모든 슬프고 불쾌한 감정들을 스스로 떨쳐내지 못하고 술의 힘에만 의지하고자 하는 분들입니다. \n한마디로 살아갈 낛이 없는 경우지요. 운동도 싫고, 취미도 싫고, 그야말고 다 귀찮은 겁니다. 이런 경우는 처음부터 단주를 하기 보다는 절주를 목표로 치료를 진행할 수 밖에 없답니다. \n3개월 복약후 치료를 중단하는 것이 아니라, 한달 ~두달 마다 2주 정도 한약을 복용한다면, 절주와 함께 심각한 상태에서는 벗어날 수 있습니다. 치료를 중단하고 극심한 상태에 빠지게 하는 것 보다는 이 방법이 그나마 차선입니다. \n 기존 치료법과 한의학적 치료법 차이.\n세상에 존재하는 모든 치료법에 대해 정확히 이해하고, 한계를 깨달아야 합니다.\n현대의학에선 입원, 약물, 교육(상담, 심리치료)을 통해 치료하고 있습니다.\n 1. 입원치료는...\n 폭력이나 자해등으로 인해 가족이나 환자 자신에게 신체적인 손상이 우려되는 경우, 또는 잠깐동안이라도 술과 격리시키기 위해, 혹은 알콜의존임을 인정하지 않고 치료를 거부하는 환자에게 인정하도록 유도하기 위해 입원을 반복시킬 수 있습니다. 그러나 단순이 입원을 한다고 술을 마시고 싶은 끔찍한 갈망감과 유혹감이 사라지는 것은 전혀 아니랍니다. 따라서 만일 환자가 한약만 제때 먹어준다면 입원없이 치료가 가능합니다. 또는 한약을 강제로 먹이기 위해 입원시키는 것도 한가지 방법입니다. \n환자는 입원에 대해 병적으로 거부하는 경향이 강하며, 특히 강제입원을 당한 경우는 퇴원을 하기 위해 갖은 거짓말과 협박, 욕설, 이간질을 한다는 것을 아셔야 하며, 입원을 시켰다면 함부로 퇴원시켜서는 안된답니다.\n  2. 약물치료는...\n 섭취한 알콜이 분해되면서 아세트알데하이드라는 독성물질이 생성되며 이것이 두통, 블랙아웃(필름끊기는 현상), 구역,숙취, 폭언과 폭력, 중독을 유발하는데, 인체는 이 독성물질을 아세틱에시드라는 무독성 물질로 변화시키고 소변으로 배설하고자 노력합니다. 그렇게 술을 해독하는 것이지요. 그러나 현대의학적인 약물치료(알콜스탑이라고 하는 약 - 디설피람)는 아세트알데하이드란 독성물질이 몸에 쌓이게 만들어줍니다. 그 상태에서 술을 마시게 되면 어떻게 될까요? 독성물질이 더욱 쌓여서 구토,두통등의 더욱 강한 고통을 유발합니다. 그렇게 해서 술을 먹지 못하게 하려는 의도지요. 그러나 그걸 알면서 약을 먹는 중독자는 없습니다. 반대로 술을 먹기 위해 약을 먹지 않으려고 하지요. 몰래 약을 버리기도 합니다. 심지어 약을 먹고도 술을 마셔서 사망하기도 합니다. 독성물질이 너무 쌓이게 되어 사고가 나는거죠. 결국 사망사고가 빈발하면서 약을 판매하지 않게 된 것입니다. 그 이외엔 약효가 별로 없어서 인기가 없구요. 수면제와 항우울제, 효과가 별로 없는 항갈망제, 신경안정제 정도가 처방되고 있는 실정입니다. 결국 치료약은 현대의학에선 그동안 없었습니다. 그래서 환자에게 의지만으로 치료하라고 부당한 강요를 했던 것입니다. 최근에 덴마크 룬드벡이란 회사에서 갈망감을 완화시키는 약을 개발했다고 합니다. / 반면에 한방에선 이미 오래전부터 있었습니다.\n  3. 교육, 상담, 심리치료, 종교치료...\n 현대의학에선 상담, 심리치료, 교육을 통해 치료하고 있습니다. 이는 알콜에 대한 자세한 지식을 전달하고 그 위험성을 알려 스스로 단주하도록 가르치는 것입니다. 그러나 알콜의존이란 병 자체가 자신이 중독임을 인정하려고 하지 않으며, 이미 중독으로 인해 인격적인 퇴보현상 탓에 교육에 비협조적인 경우가 대부분 입니다. 쉽게 흥분하고 자포자기 하기도 하며, 비정상적인 언행을 하는 환자분들이 처음부터 상담 교육을 꾸준히 받는 것은 참 어려운 일입니다.\n  간혹 견디기 힘든 만큼의 심한 갈망감이 올 때가 있는데 그 때를 넘지 못해서 또 다시 수년간의 단주에도 불구하고 중독으로 돌아가는 분들이 많습니다. 그만큼 알콜중독이란 질병은 무섭고도 질깁니다. \n  4. 해결책은 동의보감에 있습니다...\n 한방에서는 끔찍한 갈망감과 금단현상을 빠르게 없애주는 치료약물이 있습니다. 갈망감이란 것은 불쾌감하고 연관되는데 ‘저거 한잔만 마시면 금방 기분이 좋아질텐데...’하는 느낌입니다. 즉 지금 현재 몸이 불쾌하기 때문에 갈망감이 느껴지는데, 그 불쾌감이란 것은 ‘불면증, 우울감, 감기 같은 오한, 식은땀, 피로, 두통, 구역, 손떨림, 복통,설사’ 등입니다. 이런 불쾌감이 생길 때 술에 대한 갈망감이 심해진답니다. ‘한잔만...저거 한잔만 마시면 더 바랄 것이 없겠다.’ 는 유혹이 파도처럼 밀려온답니다. 그 금단현상과 갈망감을 해결하는 약물이 한약에 있습니다.\n 한약중엔 숙취를 없애주는 약재들이 아주 많습니다. 흔하게 알려진 것이 칡뿌리인 갈근, 칡의 꽃인 갈화, 콩나물 등이 있지요. 그러나 이런 것으로 숙취는 해소할 수 있어도, 갈망감을 없애진 못합니다. 왜냐면 갈망감은 아주 복잡하고 다양한 기전을 통해 나타나는 복합현상입니다. 그 복잡하고 다양한 기전에 맞는 약재들을 섞어서 적절한 비율로 배합을 했을 때만 빠른 효과를 나타낼 수 있답니다. 따라서 알콜중독 전문 한의원에서 적절한 처방을 받으십시요.\n 2주일 정도면 식사량이 정상으로 돌아오거나 더 먹기도 합니다. 금단현상이 감소합니다.\n4~6주 정도면 폭언, 폭력이 사라지고 술이 줄어듭니다. 속이 편해지고 배변도 좋아집니다. 검붉은 얼굴색이 밝아집니다. 이 정도가 되면 일단 가족들이 숨을 쉬고 살 수는 있게 됩니다.\n 2개월 정도면 스스로 단주를 조금씩 시도할 정도로 주량과 음주횟수가 감소합니다.\n3개월이면 단주에 성공하게 되며, 환자의 섬뜻한 눈빛이 사라지고 분노가 줄어들며, 감정이 조절되어 웃음과 미소를 띤 얼굴을 보게 될 것입니다. 그때가 진짜로 중독에서 풀려난 것입니다. \n 이때 부터 비로서 상담,교육,심리치료, 종교적인 치료 등을 병행한다면 좋은 결과를 얻을 수 있습니다. 그 전에는 시작 자체가 어려우며 성급한 시도는 오히려 치료자체를 거부하게 되는 계기가 되기도 합니다. \n 환자가 ‘나는 중독자이며, 평생 술을 끊어야만 한다.’는 것을 깨닫게 하는 것이 가장 어렵습니다. 그것만 깨닫게 된다면 알콜에서 벗어날 수 있습니다.\n   가족이 절대 하지 말아야 할 행동들\n 치료 과정 중간 중간 환자가 술을 다시 마실 때가 있을 것입니다. 아무리 좋은 학원에 보낸다고 아이의 성적이 계속 오르기만 할 수 없듯이, 한약의 효과가 위대하더라도 한 번에 딱 끊게 할 수 없답니다. 중간에 음주량과 횟수가 늘더라도 절대로 비난하거나 노려보거나 혀를 끌끌 차거나, ‘니가 그럴 줄 알았다.’ ‘ 왜 또 술을 마시냐? ’는 등의 비난과 비아냥을 하셔선 절대로 안됩니다. \n환자가 이미 스스로 자신에게 실망스럽고 화가 나 있는 상태이기에 여기에 비난을 하면 불 난 곳에 기름을 끼얹는 꼴이랍니다. 환자는 부끄럽고 창피하여 더욱 분노하게 되며, 그런 감정을 회피하기 위해 더욱 술 속으로 빠져들게 될 뿐입니다. 따라서 가족이(특히 부인이나 남편)치료에 방해자 역할을 하시면 안됩니다.\n 따라서 그냥 못 본 척 고개를 돌리고 자리를 피하는 것이 최선입니다. 한약의 효과를 믿고 기다리십시요. 금방 다시 몇일 전으로 돌아가게 될 것입니다.\n 만일 강제입원을 시켰다면, 환자의 협박이나 이간질에 당하지 마시고, 반드시 병원에서 정한 날짜까지 다 채운 뒤에 퇴원시켜야 합니다. 환자의 협박과 이간질에 의해 조기 퇴원을 시키면, 환자는 더욱 기고만장하여 날뛰게 될 뿐입니다. 왜냐면 ‘내가 난리칠수록 내 말을 잘 듣는구나.’라는 것을 학습하게 되기 때문입니다. 반면에 날짜를 채우게 되면 ‘또 술먹고 난리치면 몇 달간 못나온다.’는 것을 학습하기 때문에 오히려 오랜기간 술을 절제하며 얌전하게 지내게 됩니다. 더불어 자신이 알콜의존임을 인정하게 됩니다.\n 참고 )\n해결방법은 완전한 단주, 혹은 약을 계속 복용하면서 절주를 하는 것 뿐이랍니다.\n 알콜의존증은 꽃가루 날리면 제채기 하는 사람, 고등어 먹으면 두드러기 나는 사람, 땅콩 먹으면 숨이 막혀 죽는 사람들처럼 유전병입니다. 다른 사람과 다른 특이 유전자를 갖고 있는 체질이지요. 그저 안 먹는 것 말곤 다른 방법이 없습니다.\n 따라서 알러지 처럼 꽃가루를 완전히 피해서 다른 지방이나 다른 나라로 피하거나 약을 수시로 달고 살아야 합니다. (완전히 술을 끊기 위해 친구, 직장도 바꿔야 하기도 합니다. 아니면 한약을 수시로 반복해서 드셔야 합니다.)\n 환자가 알콜중독에 걸렸다는 것을 인식하지 않고, \n인정하지 않을 때...\n 본인은 '내가 언제든지 맘만 먹으면 끊는다.'고 하지만, 실제 안된답니다. 몇일은 억지로 참을 수 있겠지만, 견디는 과정이 쉽지 않고 그야말로 억지로 억지로...버티는것에 불과합니다.\n 알콜환자는 자신이 알콜환자라는 것을 인정하기 싫어합니다. 왜냐면 그것은 스스로가 실패자로 여겨지기 때문입니다. 그러다가 시간이 지나면 진짜로 모르게 됩니다. 뇌가 완전히 망가지면 자신을 진짜 정상인으로 알게 됩니다.\n따라서 '내가 현재 알콜에 중독되었다.모든 것은 술 때문이다.'는 것을 인식시키는 것이 가장 중요합니다. 그러나 그것이 가장 어렵지요. 그것을 인식시켜줄 수 있는 곳은 사실상 없습니다. 왜냐면 환자가 거길 가려고 하지 않기 때문이죠. 갔더라도 한두번 가고 말죠. \n 이런 이유로 환자에게 '나는 알콜의존증 환자이며, 평생 단주를 해야 한다.'는 것을 깨닫게 하는 것은 어렵습니다. 환자가 죽을 정도로 극심한 상태가 되어서 병원에 강제입원을 몇번 당하고 나서야 인정을 하고 만답니다. 이게 일반적인 경우랍니다.\n 그래서 병이 더 깊어지기 전에 강제입원을 반복시켜서 '인정을 하도록' 유도하거나, ‘소송이혼’을 함으로써 인정을 시켜야 합니다. 인정을 하면 이혼을 하지 않고 치료를 하며, 인정하지 않으면 소송해서 이혼한다고 압박함으로써 치료를 유도해야 합니다. 이것 말고는 사실상 인식시킬 방법이 없더군요.\n그만큼 알콜의존증은 '질병에 대한 인식'이 없는 무서운 질병입니다. 마약중독자는 마약이 나쁘다는 인식이 있기 때문에 치료가 더 쉽습니다. 그러나 알콜은 '좋은 것'이라고 인식을 하기 때문에, 술이 나쁘다는 것을 인식시키기가 어렵습니다.\n 다른 차선책은 인식이나 인정시키는 것을 포기하고, 환자가 술을 조금 줄이게 하는 것입니다. 알콜도 하나의 약물로서 내성이 생기게 되는데, 내성이 생기면 더 많은 량의 알콜을 마셔야 겨우 취기가 느껴지기 때문에 끝없이 다량을 마시려고 하게 됩니다. 한약을 통해 내성을 없애줌으로써 적은 량으로도 충분히 만족할 수 있게 유도할 수 있습니다.\n 이러면 마신 주량이 줄기 때문에 뇌가 점차 건강해지게 되어 제정신으로 돌아오기 시작합니다. 그때 환자에게 '인식, 인정'을 시키는 과정을 한다면 완전한 단주로 유도할 수 있습니다. \n 알콜이나 기타 약물에 중독되고 지배당하고 있는 뇌는, 스스로의 힘으로 탈출할 능력이나 방법을 갖추고 있지 않습니다. 이는 현대의학에서도 밝혀진 사실입니다.(중독에 빠진 뇌. 해나무 p113) \n 1. 알콜중독은 한 개인의 정신병, 의지력부족 탓이 아닙니다. 그렇다고 주장하시면서 '오직 의지로만 끊어야 한다.'고 주장하는 사람들이 많은데, 그것은 치료법이 없는 것을 숨기고 모든 것을 환자 탓으로 돌리고자 하는 것이라고 생각합니다. 만일 의지탓이라면 의사, 신부님, 고위 공무원, 사장님, 군인 경찰 같은 사람들은 알콜중독에 빠질 일이 없을 겁니다. 그러나 실제 그런 쪽에도 알콜환자가 많답니다. 의지와 관련없단 뜻입니다.\n 2. 대물림 되는 유전자에 의한 체질병, 유전병 입니다. 따라서 자녀들도 남들처럼 5~15년 정도 음주를 하면, 자동으로 같은 병이 발병하게 될 가능성이 아주 높습니다. 한번 발병하면 영원히 완치(남들처럼 조절하며 마시는 것)가 불가능합니다. 따라서 절대로 술을 가까이 해선 안됩니다.\n 3. 이 질병은 시간이 가면 갈 수록 저절로 더욱 악화되는 진행성 질병입니다. 따라서 하루라도 빨리, 반드시...반드시...반드시...알콜중독 전문가의 도움을 받으면서 ' 할 수 있는 모든 것을 한꺼번에 다...' 하셔야 합니다. 이것 저것 따지고 제면서 한가지 방법만으로 치료를 하려고 하지 마십시요. 한꺼번에 다 해야 겨우 겨우 겨우 호전되며 단주 유지할 수 있습니다.\n 4. 술을 끊으려면, 갈망감 금단현상 알콜내성 3가지를 없애줘야만 합니다. 그래야 끊을 수 있어요. 아무리 의지로 끊으려고 해봐야, 강한 갈망감 금단현상 앞에선 다 무릎 꿇게 됩니다. 왜냐면 술이 들어가는 순간 의지자체가 사라지기 때문입니다. 마치 오줌을 참다가 한번 나오기 시작하면 멈출수가 없죠? 그거랑 같아요. 의지로 되는게 아니랍니다.\n 그런데 갈망감, 금단현상, 알콜내성 3가지를 없애려면, 뇌가 깨끗하게 해독되면 저절로 없어지는 것임에도 불구하고, 수면제, 신경안정제, 항우울제...등으로 강제로 '뇌가 못 느끼게 ... 멍하게.. 만드는 약'을 사용하면 안된답니다. 지금 님이 드시는 약이 바로 그런거예요.\n  위 내용은 ‘몰라서 걸리는 알콜중독을 예방하기 위해’ 계몽 캠페인 목적으로 작성되었습니다. \n복사하셔서 널리 퍼트리셔도 좋습니다.\n내용을 프린트 해서 온 가족이 함께 밑줄 그어가면서 읽으십시오. \n 알콜중독은 치료가 어렵다는 이유는\n 1. 본인이 알콜중독임을 전혀 인식하지 못하기 때문.\n2. 인식은 해도 두려움과 자존심에 인정하지 않고 부정하기 때문.\n3. 인정하더라도 치료법이 없다고 주장하면서 '혼자, 의지만으로, 줄이려고만 하면서 치료거부하기 때문'- 의료적인 치료를 부정, 거부하고 혼자 술을 이기려고만 함. 피하려고 하지 않음.\n4. 그냥 막 살다 가려고 하는 경우.\n이런 이유로 치료가 어렵습니다. \n치료 자체를 안 하기 때문입니다. 알콜해독,단주치료법이 없는게 아닙니다.\n 따라서 지금이라도 가족들은 알콜중독에 관한 책을 읽고, 전문가를 찾아서 상담을 받고, 세상에 존재하는 치료법의 장단점과 한계를 파악하고 치료를 서둘러야 한답니다. \n  ------- 환자분들게 드리는 조언 --------\n ‘비오는 날엔 막걸리에 파전이다. \n술은 정신력으로 먹는거다.\n나쁜 술을 마셔서 없애버리자\n술 없이 무슨 낛으로 사냐?\n술은 빈속에 먹어야 제맛이다.\n술이 나를 너무 사랑해주니 어쩔 수 없이 마신다.\n등산 뒤엔 막걸리다.\n술 술 넘어가서 술이다.\n인생 뭐 있어 먹고 죽자.\n술은 취할려고 마시는거다.\n오늘만 먹자\n술 먹고 푹 자면 다 나아...\n한 잔은 약이다. \n딱 한 잔은 괜찮아.\n한 잔만 먹어.\n먹지 말고 잔을 받아만 놔‘\n...라는 말은 님에게 어떻게 해서라도 술을 먹이려고 하는 악마의 속임수에 불과합니다.\n‘딱 1잔만 마시라는 말’은... ‘딱 1잔만 넘어가면 너 스스로 더 먹게 될거야’라는 뜻입니다.\n‘먹지 말고 잔만 받아놔’라는 말은... ‘좀 있으면 결국 마시게 될 것이며, 그 1잔을 마시고 나면 밤새도록 먹게 될거야 ’ 라는 뜻입니다.\n ------------------------------------------------------------\n대한민국 국민들은 알콜중독에 대해 전혀 교육을 받지 못한답니다. 초중고대학교를 거치는 동안 전혀 배우질 못합니다. 안가르쳐줘요.\n어떻게 대처해야 하는지 조차 모른답니다. 거꾸로 술꾼들이 하는 엉터리 말만 듣고 그대로 따르는 경우가 흔합니다. \n 예를 들면, \n' 술주정은 덮어주고 숨겨주는게 미덕이다.\n술이 나쁜게 아니라 술을 조절하지 못하는 사람이 나쁜거다. \n술은 혈액순환제 좋다. 술은 사회생활에 도움이 된다. ‘\n 가족들이 이 말을 그대로 믿고 방치하거나 기다리기 때문에, 시간이 갈 수록 더욱 악화되고, 결국 최악이 되면 강제입원이나 이혼만 생각하게 되는 거랍니다.\n ' 술주정은 초반에 잡아야 한다. 그렇지 않으면 평생 가족을 괴롭히게 된다. '는 것이 올바른 말이랍니다.\n 유전자에 의한 자동발병\n  가끔 먹는 알콜은 기분을 좋게 만들기도 하지만, 오랜 알콜남용은 ‘기쁨, 행복, 희망, 의지’ 같은 긍정적인 감정을 사라지게 하며, ‘우울, 외로움, 의심, 원망, 분노, 짜증’ 같은 부정적인 감정을 비정상적으로 크게 느껴지게 만듭니다. \n나중엔 ‘죄의식, 양심, 도덕성’도 느껴지지 않게 되며, ‘사고력, 판단력, 절제력’ 이 파괴되게 됩니다. 모두 대뇌전두엽의 손상 때문입니다.\n그래서 알콜중독 환자는 거의 무표정한 우울상태이거나, 극심한 불안감, 혹은 분노상태에 있는 경우가 많습니다. 최악의 경우는 아동학대, 가정폭력, 살인, 방화 같은 끔찍한 사건을 일으키게 됩니다.\n 이 질병은 개인의 정신병이나 의지력의 문제가 아니라, 대물림되는 체질병, 유전병입니다. 알콜이란 약물에 과민 부작용이 나타나는 체질병이기에, 해독제 치료가 절대적으로 필요합니다. \n 그러나 아직 현대의학에선 수면제, 신경안정제 위주로 임시방편약을 사용합니다 뇌해독제가 개발되지 않았습니다. 수면제 신경안정제를 장복하면 오히려 치매발병률이 50% 증가한다고 하며, 약에 내성이 생겨서 점차 늘려가야 합니다. 특히 졸피뎀 같은 수면제는 심각한 이상행동을 유발하기 때문에 위험하니 드시면 안됩니다.\n 반면에 한방에선 오래전부터 동의보감을 비롯한 한방서적엔 알콜해독법(주독 치료법)이 있었습니다. \n 알콜해독한약으로 갈망감, 금단현상을 없애줌으로써, 단주의 가장 큰 고통과 불편함을 줄여주고, 알콜의 내성을 감소시킴으로써 적은량에 빨리 만족을 느끼게 해줌으로써 주량을 줄이고 귀가 시간을 빠르게 해주며, 망가진 뇌기능을 회복시킴으로써 불면증을 없애주고 감정의 균형을 찾게 해줍니다. 이로써 환자의 건강회복과 함께 단주를 할 수 있도록 도와주고 있습니다. \n이를 대학 실험을 통해 과학적, 객관적으로 효과를 입증한 후, 환자를 치료하는 한의원이 강릉에 있습니다. 다른 질병은 보지 않고 오직 알콜중독과 술로 인한 질병만 연구하고 있습니다.\n 대한민국 인구의 40%가 ‘알콜해독 능력이 떨어지고 남보다 빠르게 뇌손상이 발생하는 유전자’를 갖고 있습니다. 이런 분들은 애초에 술을 잘 못드시는 분들입니다.\n 그중에서 어린이, 음주하지 않는 여성이나 남성, 종교적인 이유로 술을 하지 않는 분들, 술 자체를 너무 싫어하는 분들을 제외한, 나머지 일부의 사람들이 '술을 잘못 배워 함부로 마시거나, 직장상사나 학교선배의 강요에 의해 억지로 술을 마시는 등' 다양한 이유로 지속적으로 음주를 하게 되면 서서히 주량이 늘게 되는데, 보통 5~15년 지나 자동으로 알콜중독이 발병하게 됩니다. 자녀도 마찬가지죠.\n 현재 직장인 1/4이 알콜중독 초기, 중기상태로 보고되고 있습니다.\n너무 흔하다보니 ‘나만 그런게 아니다.’는 생각에 서로 서로 심각성을 부정하고 술을 절제하지 않으려 합니다. 오히려 상대에게 더 먹이려고 하죠.\n정신병이 아니니 처음부터 강제입원을 시키지 않으시길 권합니다.\n초기 치료가 가장 중요합니다. \n-------------------------------------------------------------\n‘강제입원을 금지했다면 그에 맞는 대책을 강구하라. \n매일 매일 알콜중독, 조현증 환자에 의해 죄없는 시민들이 죽어가고 있다.‘\n' TV 술광고 중단하라. 대한민국 가정이 파괴되고 있다.'\n‘ 야간 편의점 술판매 중단하라\n‘ 길거리 음주를 금지하라.\n' 초 중 고 대학교에서 알콜중독 예방 교육을 강화하라. '\n-----------------------------\n( 네이버 규정상 구체적인 상호와 연락처를 남길 수 없으니 양해바랍니다.)\n( 네이버 검색에서 ‘강릉 알콜중독 한의원’이라고 검색하시면, 한의원은 1개만 보일 겁니다. )\n이 글 아래에 있는 태그를 보셔도 됩니다.\n 위 내용을 프린트 해서 온 가족이 함께 밑줄 그어가면서 읽으십시오. 그리고 하루라도 빨리 단주를 위한 치료를 시작하셔야만 합니다. \n  저는 매주 토요일 저녁, 강릉 월화공원에서 알콜중독 예방을 위한 캠페인 버스킹을 하고 있습니다.\n 네이버 블로그에서 ‘월화공원 버스커’라고 검색해 보세요. \n중요한 정보들이 많이 있습니다.\n 행운을 빕니다.\n 시간이 중요합니다. 계속 악화된답니다.\n 사람마다 ‘평생 안전하게 마실 수 있는 술의 량은 정해져 있습니다. 해독과정에 필요한 효소의 생산능력이 사람마다 다르며, 한계가 있는 겁니다. 무한정이 아닙니다.\n늙어서도 오래도록 친구들과 술자리를 재밌게 즐기고 싶으시다면, 평소에 술자리를 아끼십시오. 필요없는 음주는 최대한 피하십시오.""]",3,https://kin.naver.com/qna/detail.naver?d1id=7&dirId=70109&docId=361559276&qb=67Cx7Iug&enc=utf8&section=kin&rank=56&search_sort=3&spq=0,정신건강의학과
6,2020.07.04,"['#지식인카드', '#HPV']",남성 곤지름 질문드립니다.,"현재 여자친구가 곤지름으로 인해 레이저시술을 받은 상황이고 이 곤지름 콘딜로마가 전염성이 매우 강하다고 들어서요..

궁굼한점이 가다실9가 접종 연령대가 만 26세라고 하는데 전 만 27세입니다. 맞으면 부작용이나 기타 안좋은것들이 있나요??

저는 증상이 없는데 혹시 접종을 하지 않고 살아가면 나중에 큰 문제가 생길수 있나요??","['곤지름은 전염성이 강하기는 하지만 개인차에 따라 감염이 되어도 증상이 없는 경우가 있거나 드물지만 잠복해 있다가 면연력이 떨어지면 갑자기 나타나기도 합니다.\n가다실 접종은 26세가 넘어도 할 수는 있지만 예방백신은 예방을 할 뿐 이미 곤지름이 발생한 사람에게 증상 개선이나 치료의 효과는 없으므로 병원에서 검사를 해보고 결과에 따라 접종하시면 되겠습니다.\n참고로 접종하지 않는다고 일상생활에 문제는 없지만 자궁경부암을 예방할 수 있는 백신으로 남녀가 함께 접종하는 것이 건강한 성생활에 도움이 됩니다.', '인유두종(HPV) 바이러스 감염은 전 세계 성인 인구의 70% 이상이 앓고 있는 질병이며 면역력에 따라 증상이 나타나거나 아예 나타나지 않는 무증상 감염이 주로 발생하는 바이러스입니다.\n 한번 감염되면 완치는 불가능 하나 면역력에 따라 자연적으로 소멸되기도 하며 무증상 감염이 될 수도 있습니다.\n 감염 원인도 다양하여 감염자와의 성관계 외에 단순피부접촉,공용수건,으로 등으로도 감염 될수있기에 성병감염 균 으로 분류하지는 않습니다.\n 감염되면 무증상으로 나타나는 경우가 대부분이며 이럴 경우 대부분(90%)이상이 자연적으로 소멸되기도 하지만 그렇지 않을 경우 질환으로 진행될 수도 있습니다.\n 감염이 되고 증상이 악화되어 나타나는 경우는 HPV6번,11번 감염의 경우는 생식기 주변으로 사마귀성 포진(콘딜로마,곤지름)이 HPV16,18,31,32,33,35,39,45,51,52,53,56,58,59,66,68번 감염의 경우는 생식기암(자궁경부암.질암.외음부암,음경암)을 유발 할수 있습니다.\n 단순 피부 접촉 만으로도 감염되는 만큼 100% 감염 예방을 할수는 없지만 감염 위험을 낮추기 위해서는 성관계 시 항균 윤활 젤을 사용하는 것이 바람직한 방법입니다.\n 항균 윤활 젤은 유해 바이러스와 세균의 감염을 예방 할수있고 항균과 윤활 기능으로 상처로 인한 감염에 매우 효과 적입니다.\n 더블에스클린젤 \n- 더블에스에센스클린젤 공식홈페이지\n생식기 케어 전문브랜드 더블에스에센스클린젤, 회음부 냄새제거, 항균, 보습을 한번에! 멀티케어(3 IN 1) 지금 바로 시작하세요.\nDOUBLE-S.CO.KR']",2,https://kin.naver.com/qna/detail.naver?d1id=7&dirId=7011404&docId=361558695&qb=67Cx7Iug&enc=utf8&section=kin&rank=57&search_sort=3&spq=0,여성질환
6,2020.07.04,[],대한민국사람은 예금을 얼마나 하면서 살까요?,"예금을 얼마나해놓고 살아갈까요?
다른나라 사람들은 어떨까요?
30대 40대 50대 60대 각각","['혈장치료제 관련주 코로나19 치료제를 개발하기 위한 정부의강력한 의지 덕분에 다시 한 번상승세 문턱에 서 있습니다. 정부는 최근 코로나19 백신, 치료제개발에 1조 원 가량 국고를 들여전폭 지원할 것을 약속했습니다. 현 시점 가장 빠르게 개발이 진행되고 있는 혈장치료제, 항체치료제 등이 이번 지원에서 가장먼저 수혜 받을 수 있을 것으로예측되고 있는 가운데지금 꼭 다시 봐야 할 혈장치료제관련주 유망 주식에는 한국유니온제약주가, 녹십자랩셀 주가, 서린바이오주가 등이 있습니다. --------------[한국유니온제약 주가]▶한국유니온제약 주가 : 혈장보충제 숙신산 젤라틴 생산기술개발을 위한 정부 연구과제 참여[녹십자랩셀 주가]▶녹십자랩셀 주가 : 녹십자계열사들과 함께 혈장 치료제개발 중, 하반기 상용화 계획.[서린바이오 주가]▶서린바이오 주가 : 혈장단백질 연구를 비롯해 혈액으로 질병을 진단하는 바이오맵스칩 개발함. -------------코로나19 확산세가 줄어들지않는 것 같은 현실은 매일 도착하는 긴급재난경보 울림만들어도 알 수 있습니다. 이런 상황에서 정부의 코로나19치료제 신속 개발에 대한 의지는하늘을 찌를 수밖에 없죠. 1조 원 투']",1,https://kin.naver.com/qna/detail.naver?d1id=4&dirId=40101&docId=361556027&qb=67Cx7Iug&enc=utf8&section=kin&rank=58&search_sort=3&spq=0,"예금, 적금"
6,2020.07.04,[],데이터가 바로 사라져요,"갤럭시 a50 사용자입니다.
제 한달 데이터가 500 정도 밖에 안되는데
저번달부터 데이터가 초당100씩 나가요 유튜브 튼것도 아닌데 ㅜㅜ 그래서 제가 데이터를 못쓰고있어요 데이터 사용량 봐도 잘 모르겠고.........
이유 아시는분 있나요??",['그냥 깜빡하고 집에서 데이터 켜고 핸드폰 사용하신 걸수도 있는데 핸드폰 바이러스 가능성도 있습니다\n백신 앱 까셔서 검사해 보시고 그래도 계속되면 통신사(114)에 문의해 보시는 것을 추천드립니다'],1,https://kin.naver.com/qna/detail.naver?d1id=1&dirId=1070402&docId=361555521&qb=67Cx7Iug&enc=utf8&section=kin&rank=59&search_sort=3&spq=0,안드로이드폰
5,2020.07.04,[],코로나 창궐하는데 교회모임 강행은 성경적으로 어떻게 받아들여야 하나요?,"굳이 모여서 예배드려야 하는 이유가 성경에 나오나요?
만약에 성경에 그렇게 나온다면 하나님의 말씀이니 절대적으로 따르는게 맞는거 같습니다만

관련 구절 있으면 알려주세요.","['지금 목사님들이 진리가 뭔지 몰라서 그렇습니다.\n그들은 예수님이 악마, 살인자, 처음부터 거짓말쟁이라는 여호와를 닮아서 그렇습니다.\n성경에 여호와는 아래와 같이 행동을 합니다.\n아 래\n•백성들이 불평 하자 전염병을 내려 1만4천700명을 죽임, [민수기 16장 49절] \n•유대인이 모압 여자와 자고 그들의 神에게 제사 하자 염병을 퍼트려 2만4천명을 죽였다[민25장,9절] \n•다윗이 인구 조사를 하자 분노하여 전염병으로 7만명을 죽이고, [사.하24장15절] \n이렇게 전염병을 퍼트려서 사람을 죽게 하는 자가 여호와 하나님입니다\n예수님은 이런 자를 살인자라고 하였습니다.\n진리도 없는 허망한 곳에서 시간을 낭비하지 마시기 바랍니다 ', '성경 구절 확인하기 이전 상식입니다\n계시록에 황충이 올라와서 괴롭게 한다고 했습니다\nᆢ\n부모가 화가 머리 끝까지 올라서 \n온천지를 질병으로 쥭여서라도 깨닫아 회개하길 원하시는데ᆢ 눈치없이 다시 옛방식으로 교회를 다닌다는건 진짜 하나님 속터지고 답답한 일~ㅠ바보천치 같은 행동ㅜ', '예수가 지를 위해서 죽어달랍니다.\n << 자기 목숨을 얻는 자는 잃을 것이요 나를 위하여 자기 목숨을 잃는 자는 얻으리라  (마태복음 10:39) >>\n 예수가 지를 위해서 코로나에 걸려서 죽어주면 나중에 살려 준답니다.\n 믿거나 말거나는 기독님들 각자가 지 맘대로 하세요.\n ', '천동설을 믿는 기독교(카톨릭,개신교)는 \n구약의 유대교의 이단이 신약인데, \n신약은 구약을 이용하여, 처형당한 사도들이 돈을 뜯기위해 만든 인간이 예수입니다. \n그러니, 그 예수를 이용하여\n일단 모여야, 예배를 구실로 헌금을 받을수 있기 때문입니다. \n그런데, 성서에는 기도를 골방에서 혼자하라고 되어 있지, 모여서 하라는 것은 없습니다. \n신자는 (한 다리를 거쳐야 하는, 제사장이라는)성당의 사제에게 기도할 필요도 없이 누구나 직접 기도할수 있는데, \n 목사의 역할은 설교(성서의 ""사도""말을 일러주고, 이에 대한 해설을 하는 것)와 단순히 신자를 대표해서 기도를 올려 주는 역할. \n하지만, 구약에서는 모두 ""신""께 직접 기도했었고, 신약조차도 ""네 골방의 은밀한 곳에서 기도하라""(마태6:6)하였는데, 굳이 사제나 목사가 필요할까? \n천동설을 믿는 것들은, 헌금이 목적이므로, 그런것이 아닐까요? \n먼저 빛과 어둠을 만든후, 하늘과 땅,바다(지구) 그리고 식물을 창조함. 그후 태양과 달을 창조하고, 별을 창조한 후, 그다음에 동물을, 그리고 마지막인 여섯째날에 사람을 창조함. \n이러한, 그당시 사람들의 생각인, 태양보다 지구를 먼저 창조하였다는, ""천동설""에 입각한, 지구중심적 창조신의 주장은, 지구가 납작하다고 주장하던 중세시대 사람들의 지구중심적 유치한 주장(천동설)인 천동설임.\n 이런 천동설을 기반으로, 중동지역의 신화나 전설을 모아, 그기에 유대민족의 선조이름을 대입시켜 만든 종교가, 바로 유대민족의 민족종교인 유대교(구약)입니다. 그러므로 이들이 믿는야훼(여호와)가 하느(나)님이 될수는 없는 것입니다. \n 선교)~고유의 민족종교\n우리민족은 옛부터 하느(나)님을 숭상해왔다. 그런 하느(나)님을 숭상하는 민족을, 하느님의 한자식 표현인 ""한""민족이라 특정하였다. \n그 하느(나)님이 칠성별의 칠성궁에 상주하여 계시다고 하여 칠성님이라고도 하였다(선교). (옥황상제는 유교, 제석천왕은 불교) \n 조선시대의 말기를 구한말이라고 부르며, 우리민족을 조선족이라 말하지 않고 한민족이라 부르는 이유이다. \n구한말=고종이 선포한 대한제국의 시기, 현재는 하느(나)님의 나라인 대한민국이 국호이다. \n그러므로 하느(나)님은 우리민족의 고유""신""의 이름이지, 유대민족의 신이 아닌 것입니다. \n하늘의 하느님 궁전인, 칠성궁에는 천선인, 즉 하느님(칠성별의 칠성궁에 계시다하여, 칠성님)이 있고, 땅에는 지선인 신선(신령)과 산신(산신령)이 있다→사찰의 삼신각 참조, ""신묘장구대다라니 뜻 주문 원문 해석"" 참조 \n (기독교를 한국에 전도하면서, ""이름""은 고유명사로서, 번역할수 없음에도 불구하고, ""야훼(여호와)""라는 고유명사를, ""하나(느)님""으로 바꾸는 것에 대하여 언드우드등 서양의 선교사들은 반대하였지만, 결국 한민족의 정체성을 훼손하고, 유대민족의 조상을 하느(나)님으로 하는, 그 종교의 전도 편의를 위해, 애국가의 하느(나)님과 같은 명칭의 하느(나)님이라는 이름으로, 그 고유명사를 의도적으로 번역하여 개칭함. 이로서, 하느님 민족이라는 ""한민족""의 정체성이 지금까지도 심히 훼손되고 있는 실정임. 이슬람은 기도시 ""알라""라는 신의 고유명사인 그 이름을 끝까지 고수함) \n 각 종교마다, 자기종교에서 최고의 신이며, 창조를 말하는, 그 신(god)의 이름을 모두 ""하느(나)님으로 번역한다면, [이집트의 태양신 ""라"", 미트라교의 ""미트라(메흐르)""신, 조로아스터교의 ""아후라마즈다""신, 기독교의 ""야훼(여호와)""신, 이슬람교의 ""알라""신, 마니교의 ""마니""신등] 종교의 모든 최고신은, 모두 그 고유명사를 ""하느(나)님""으로 번역해야 할 것이다. 즉, ""알라""신도 ""하느(나)님""이요, 야훼(여호와)신도 ""하느(나)님""인데, 진짜 ""하느(나)님""은 어느 신(god)인가? \n천동설을 주장하는 유대민족의 조상인 야훼(여호와)가 하느(나)님인가? 그 신의 고유명사는 한국에서 불필요한가? 그 신의 고유명사를 쓰기가 그렇게 창피한가? 왜 이슬람교는 기도시 ""알라""신의 이름을 고수하나? ""신(god)""들도 자기 이름을 불러야 좋아하고, 바로 알아들을 것인데? \n 유대교(구약)를 이용하여 돈과 권력을 얻으려는 자들이, 예수가 구약에서 말하는 그리스도라고 주장하고, 다윗왕의 후손이라고 주장함.\n처녀출생, 3명의 동방박사, 12명의 제자, 물위를 걷는 기적, 빛, 진리, 목자, 주의 아들, 제자의 배신으로 십자가에 못박힌후, 3일뒤 부활하여 신이 되었다고 사도들이 주장하며, 이집트의 태양신 호루스, 미트라교의 미트라신, 조로아스트교의 아후라마즈다신(기적, 부활, 유일신, 삼위일체설,연옥설등)등을 모방하고,\n이를 증명한다는 자들의, 예수의 기적을 보았기에 그를 그리스도로 인정한다며, 그가 들었다는 예수의 말씀과 예언을 들었기에, 이를 전파한다는 사도들의 말의 모음이 신약이며,\n 죽었다는 예수가, 태양신 호루스처럼, 3일뒤 부활되어 인간의 모습으로 하늘로 올라가서 ""신""이 되었다고, 사도들이 주장한다. → 유대교(구약)에서는 완전히 미친 또라이 주장이므로, 예수를 구약의 그리스도로 전혀 인정않음. 즉, 유대교의 ""이단""이 기독교(카톨릭,개신교)이다. \n사도들의 말을 믿을 수 있을까?즉, 그 신약의 내용을 믿지 못하는데, 그 신약의 내용인 사도들의 말을 증거라고 합니다. 그 책으로, 그 책을 증거한다는 이런 사람들의 머리가 정상일까?\n 성서의 신약에서 말하는 세상의 종말과 천국과 지옥은 정말 존재할까? \n1. 사탄이 지배한다고 주장하는, 이 세상의 종말이 와야하고,\n2. 하늘에서 ""이스라엘의 성""이라는 천국의 성이 내려오고,\n3. 예수가 재림하여, 죽은 사람을 모두 부활시켜 좀비로 만들아야 하며,\n그리하여, 믿었던자는 하늘에서 내려오는 ""천국의 성""에서 좀비로 살게하는 것(천국의 구원)\n부활된 불신자인 좀비는 다시 쳐 죽이는 것(지옥)\n그러므로, 기독교(카톨릭, 개신교)가 생긴이래, 2천년동안 위 1~3번중 어느 하나라도 이루어진게 있나요? \n 그러므로, 지금까지 아무도 천국이나 지옥간넘은 아무도 없습니다. 그런데도 천국, 지옥을 말하며, \n신자를 모으고, 헌금을 요구하는 넘은 모두, 등신들을 호구쳐서 돈을 뜯으려는 협잡꾼일 뿐입니다. \n (신약은, 예수를 증거한다는 사도들의 말의 모음인데, 역으로, 이 사도들의 말이 예수를 증거한다며, 성서의 몇장 몇절을 들먹이는 사람들이 바로 그 종교인들이다. 사도들의 말을 믿을 수 있을까?즉, 그 신약의 내용을 믿지 못하는데, 그 신약의 내용인 사도들의 말을 증거라고 합니다. 그 책으로, 그 책을 증거한다는 이런 사람들의 머리가 정상일까?\n그리고, 가공의 인물인 ""가롯유다""의 자살로서, 소설에서 퇴장시킨, ""가롯유다""를 제외한, 나머지\n신약의 사도들은 모두 목이 잘리거나 처형당해 죽었음)\n 사도들의 최후\n 1. 시몬 베드로 ~ 로마의 십자가에서 거꾸로 못박혀 죽음(제1대 교황). \n2. 요한 ~ 로마의 왕 ""도밀티아누스""에 의해, 펄펄 끊는 기름솥에 던져짐.\n3. 마태 ~ 에티오피아에서 돌팔매질을 당한 후, 화형을 당해 죽음. \n4. 마가 ~ 종교제사때, 몸이 찢겨져 죽은후, 제물로 바쳐 짐.\n5. 바울 ~ 칼에 목이 잘려 사형장에서 죽음.\n6. 바돌로매(나다나엘) ~ 아르메니아에서 전도중, 산채로 살가죽이 벗겨지고, 참수 당함.\n7. 유다/가롯 ~ 예수를 팔고, 목을 메고 자살?하였음.(소설?) \n8. 맛디아 ~ 에디오피아에서 전도중, 돌팔매질을 당하고, 칼에 목이 잘림.\n9. 안드레 ~ 소아시아, 스퀴티아, 그리스에서 전도중 십자기에 메달려 죽음. \n10. 야보고 ~ 헤롯 아그립바왕의 칼에 목이 잘려 죽음.\n11. 소 야보고 ~ 성전 꼭대기에서 땅에 던져 진후, 구타와 돌에 맞아 죽음. \n12. 바나바 ~ 기원후 73년경에 처형 당함.\n13. 빌립 ~ 소아시아의 브루기아에서 전도중 잡혀, 기둥에 매달려 죽음. \n14. 누가 ~ 제사장들에 의해, 올리브나무에 목이 메달려 죽음.\n15. 다대오 ~ 야보고의 동생, 파사에서 전도중 활에 맞아 죽음. \n16. 도마 ~ 파르티아, 인도등에서 전도중 창에 찔리고 몸이 관통되어 죽음.\n17. 셀롯/시몬 ~ 시리아,메소포타미아에서 전도중, 톱에 잘려 죽음. \n18. 세례요한 ~ 칼에 목이 잘리고, 쟁반에 담아, 살로메에게 선물로 주어짐\n 위 18명중 12제자에 포함되지 않는 [4마가, 5바울, 7가롯유다, 12바나바, 14누가, 18세례요한,]를 빼면, 이집트 ""호루스""신, ""미트라""신과 같은 12제자가 된다. 12번째의 제자가 ""8맛디아""인데, ""7가롯유다""를 대신하여 제비뽑기로 제자가 되었다고 한다. \n 이는, 신약이라는 소설을 쓸때부터, 태양신과 마찬가지로 위 18명에서 18세례요한과 7가롯유다를 제외한 위 16명중에서 12명을 뽑아 제자를 맞추었는데, 태양신 ""호루스""가 제자의 배신으로 죽었다는 것을 감안하여, 가공의 인물인, 제자 ""가롯유다""의 등장과 그의 배신으로, 예수도 죽게 된다는 소설을 쓴다. \n 즉, 예수가 ""제자의 배신으로 자신이 죽게 된다""는 예언을 하고, 그 예수의 예언이 실현하였음을 보여주는 소설적 요소를 추가하여, 가공의 인물인 예수를 실제적 인물임을 강조함과 동시에 예수를 신격화 한다. 그리고 가공의 인물인 ""가롯유다""의 자살로서, ""가롯유다""를 소설에서 퇴장시킨다. 그러므로, 이집트 태양신 ""호루스""를 배신한 ""타이폰""역할의 ""가롯유다""는 이 성서의 소설적 요소에서의 13번째 예수의 제자이다.\n  그래서 예수가 죽었다는 ""금요일""과 ""13""이라는 숫자를 제일 싫어하며, 이로서 서양인들은 ""13일의 금요일을 최악의 날""로 여기게 된다.\n 기독교(카톨릭,개신교)는 \n비과학적인 천동설을 주장하는 구약에서의, 유대민족의 선조인, 야훼(여호와)를 ""하느(나)님""으로, 포장하고, 사칭하는 종교이며,\n또한, 유대교의 이단인 신약에서, 처형당한 사도들의 주장뿐인, 예수를 신으로 내세우고, 그 증거는 그책으로 그 책을 증거하는 또라이같은 논리를 주장하고, 그 예수 또한, 유대교에서 말하는 다윗왕의 자손이라고 주장함과 동시에, 처녀 마리아의 아들이라고도 주장하고, 그런 예수가 유대민족의 선조인 야훼(여호와)와 동일인이라는, 삼위일체설 이라는 어거지를 주장한다.\n 그래서 기독교는, 천동설을 주장하는 유대민족의 조상을 하느(나)님으로 믿는지? 다윗왕의 자손인 예수를 믿는지? 처녀 마리아의 아들인 예수를 믿는지? 어느 것을 믿는지 알수도 없으며, 또한 동방박사가 지켜봤다고 주장하면서도 탄생일을 모르며, 그 예수가 어떻게 살았는지 그 생계수단조차 알수없는 허구의 인물이었다.\n //더 자세한 내용은, 네이버 검색창에서 ""업과 유교의 사주팔자, 성경책 구약과 신약""의 블로그를 참조하시기 바람.\nhttps://blog.naver.com/andsing/221557432806', '개독경 위반입니다', '정말로 코로나 확실하게 막을려면\n모든 사람들이 집에서 나오면 안되죠, 당연히 외국에서 들어오는 입국자도 모두\n금지해야 하고요. 직장이나 학원, 밖에 운동하러 가서도 안되죠.\n하지만, 그럴 수가 없는 상황입니다.\n백신이 언제 나올지 모르기 때문에\n지금은 최대한 조심하면서 코로나와 같이 생활해야 되는 시기입니다.\n코로나 때문에\n교회도 학교도, 학원도 직장도 안 다닐 수 없기 때문입니다.\n그러니, 본인이 나는 교회에 가겠다고 생각하는 사람들은 그렇게 하면 되고\n또한, 나는 위험한것 같으니, 인터넷으로 예배를 드리겠다고 생각하는 사람이 있다면\n그렇게 하시면 됩니다.\n양쪽도 정답입니다.']",6,https://kin.naver.com/qna/detail.naver?d1id=6&dirId=60901&docId=361575326&qb=67Cx7Iug&enc=utf8&section=kin&rank=48&search_sort=3&spq=0,개신교
6,2020.07.04,"['it분야', '프로그램', '컴퓨터', 'c언어', '#코딩']",it 보안회사 개발,안녕하세요 it 회사 개발을 꿈꾸는 청년입니다 주 관련된 프로그램쪽은 보안인데 보안쪽에도 백신 프로그램 등 수없이 많은 보안들이 있는데 만약 회사가 잘되서 수입이 어느정도 나오고 보안쪽으로 회사를 개발한다면 비용은 어느정도 들까요? 보안쪽으로 가려면 언어들이 있는데 c언어 c++ c# 이중 어느 언어가 더 많이쓰이는지 궁금합니다. ,"['회사 운영?\n일단 꿈만 가지고 있으면 안 되고 초기 자본은 여유롭게 모아둬야 합니다.\n여차하면 수익모델도 보안 쪽 아니더라도 마련 해놓고 사업을 하여야 해요.\n보안은 잘못 뿔로 지면 대미지가 너무 크기 때문에 보험도 세게 들어놔야 합니다.\n진짜 실력이 좋아서 보안에 허술하지 않다면 모르겠는데 이거 장담할 사람이 한국 내에 몇 명이나 될까 싶어요.\n개발할 때 보안적으로 문제 된다 그러면 개발 진행 안 하고 그 부분만 집중 공략하는데요. 대부분 사람들이 납기일 때문에 일단 패스해 버리고 잘못 들통이 나면 터지는 거고 그런 일이 생깁니다.\n직원 인건비랑 사무실 임대료(자기 거면 거-억) 아무리 싸게 굴려도 젊은 대학생들 스타트업으로 몇 명 굴려도 식재료, 간식비, 전기료, 서버비 꾀나 나가지 싶어요. 적어도 5000만 단위에 고정 수익은 마련하여야겠어요. 여기에다가 나라에서 사업 지원금 잘 받으면 부담이 덜어지겠어요.\n비용도 그렇고 리스크가 커서 유한책임회사하는 편이 좋겠습니다.\nhttps://namu.wiki/w/유한책임회사', '안녕하세요\nIT전문교육기관 제이쌤입니다!\n먼저 백신프로그램 같은 경우에는 C나 파이썬을\n이용해서 만들수가 있는데요\n언어만 공부하는게 아닌 각종 IT전체에 대한\n공부를 해야합니다!\n더 궁금하신 점이나 진로계획에 대한\n구체적인 상담이 필요하시다면\n아래 네임카드 통해 문의주세요!\n오픈채팅\nhttps://open.kakao.com/o/sg3MPXG\n상담 신청\nhttp://naver.me/F6FMNezn', '안녕하세요 IT/IN 진학, 진로 전문 상담 수마쌤입니다:)\n보안은 특별하게 어떠한 언어만 쓴다 라고 정의 할 수 없습니다ㅠㅠ\n아무래도 레벨이 가장 높은 직업군인지라\n공부 하셔야 할 내용은\n프로그래밍 언어의 이해( 파이썬/자바/C언어)\n그리고 보안에서 많이 쓰이는게 리눅스입니다\n리눅스는 세분화 되어있어서 보안에 아주 강하다는 장점이 있지요~\n네트워크 서버까지 공부를 하셨다면\n다음이 보안공부를 하시는겁니다\n창업 비용은 정말 천차만별이라\n검색하셔도 잘 안 나오실거예요\n물론 답변 드리기도 힘들 것 같습니다\n우선 컴퓨터 공부는 어느정도 하셨나요?현재 학력이 어떻게 되시나요??\n검색해서 나온 광고성 답변이나 정확하지 않은\n추측성 답변만 보고 판단하여 혼자 결정하지 마세요\n본인이 본인의 진로에 관심이 있고\n생각이 있다고 하시면\n전문상담은 필수입니다\n자격증 및 포트폴리오 등 진학 및 취업에 필요한\n전반적인 부분들까지 서포트 해드리고 있습니다\n상담은 무료이니 부담 갖지 마시고 언제든지 연락 주세요:)!\nhttps://open.kakao.com/o/sr2uKl7b\nIT진학,진로,취업 전문 상담 수마쌤입니다\n#it진학 #컴공과 #개발자 #정보보안전문가 #it취업 #화이트해커 #sw전형\nopen.kakao.com\nhttp://no1.itbank24.net/#none\nKg아이티뱅크 IT전문 상담 및 교육문의\nKG아이티뱅크 부산점\nno1.itbank24.net\n아래는 IT정보 공유 카페입니다\nhttps://cafe.naver.com/32292044\n독컴사- 유망자격증정보,진학정보,취업... : 네이버 카페\n독하게컴퓨터하는사람들 - 컴퓨터 유망자격증 정보공유, 진학, 취업 정보 공유 카페\ncafe.naver.com', '보안 관련 소프트웨어, 해킹툴을 만들고자 하면, 먼저 코딩 다른 말로는 프로그래밍을 제대로 배우도록 하세요.\n코딩 다른 말로는 프로그래밍을 제대로 배우고자 하면, 코딩 다른 말로는 프로그래밍을 체계적이고 전문적으로 배워 창의적인 혹은 창조적인 문제 해결 능력과 프로그래밍 능력을 갖추도록 하세요. 그러면, 나이, 성별, 학력, 전공과 상관없이 누구나 코딩 다른 말로는 프로그래밍할 수 있습니다. 그렇게 먼저 코딩 다른 말로는 프로그래밍을 배우면, 어떠한 프로그래밍 언어라도 보다 쉽고 재미있게 효율적으로 배울 수 있습니다.\nC언어, C++언어, C#언어는 프로그램을 만드는 일인 프로그래밍할 때 사용되는 도구로 프로그래밍 언어입니다. C언어, C++언어, C#언어같은 프로그래밍 언어를 배워야 프로그래밍을 배울 수 있다고 생각하십니까? C언어, C++언어, C#언어같은 프로그래밍 언어를 배우는 것이 프로그래밍을 배우는 것이라 생각하십니까? C언어, C++언어, C#언어같은 프로그래밍 언어를 배우면 프로그래밍할 수 있을 것이라 생각하십니까? 매우 잘못된 바보같은 생각입니다. C언어, C++언어, C#언어같은 프로그래밍 언어를 배운다고 프로그래밍할 수 없습니다. C언어, C++언어, C#언어같은 프로그래밍 언어를 배우는 것과 프로그래밍을 배우는 것은 별개 문제입니다.\n프로그래밍이 무엇인지 간단히 봅시다. 프로그램으로 만들고자 하는 것을 전산(컴퓨터) 분야에서는 문제라고 합니다. 그리고 프로그램은 데이터와 명령어로 구성됩니다. 그래서 문제를 풀어 프로그램으로 만들고자 한다면, 문제 관련 데이터들을 어떠한 기억장치에 어떻게 저장하고 어떻게 쓰고 읽을지를 결정하고(자료구조 설계), 어떠한 명령어들을 어떠한 순서로 몇 번씩 실행시킬지를 결정하여(알고리듬 설계), 이렇게 설계된 자료구조와 알고리듬을 C언어, C++언어, C#언어같은 프로그래밍 언어로 문법에 맞게 변환하여(구현) 프로그램을 만드는 일이 프로그래밍입니다.\n요약하면, 프로그래밍은 컴퓨터를 이용한 문제 해결 과정입니다. 그래서 프로그래밍을 배울 때는 체계적이고 전문적으로 배워 4차 산업 혁명 하에 살아야 하는 사람이면 반드시 갖춰야 하는 능력인 창의적인 혹은 창조적인 문제 해결 능력과 프로그래밍 능력을 갖춰야 합니다.\n이러한 데 프로그래밍할 때 사용되는 도구들인 C언어, C++언어, C#언어같은 프로그래밍 언어를 배운다고 저절로 창의적인 혹은 창조적인 문제 해결 능력과 프로그래밍 능력이 갖춰 지겠습니까? 그렇지 않습니다. C언어, C++언어, C#언어같은 프로그래밍 언어를 보다 쉽고 재미있게 효율적으로 배우고, 해킹툴을 만들고자 하면, 프로그래밍을 체계적이고 전문적으로 배우세요.\n""이렇게 하면 나도 프로그램을 잘 만들 수 있다(나프잘)"" 시리즈 책들을 참고해 보세요. 나이, 성별, 학력, 전공과 상관없이 누구나 독학으로 프로그래밍을 체계적이고 전문적으로 배워 창의적인 혹은 창조적인 문제 해결 능력과 프로그래밍 능력을 갖출 수 있습니다. 네이버 카페 ""프로그래밍을 배우자""에서 공부하는 방법도 배우고 멘토링을 활용하면, 보다 재미있고 효율적으로 프로그래밍을 배울 수 있습니다.\n컴퓨터 앞에 놓고 C언어, C++언어, C#언어같은 프로그래밍 언어, API 라이브러리, Visual Studio같은 언어 프로그램들 같은 개발 도구 사용법만을 가르쳐 남이 시키는 일만 남이 만든 코드를 편집하는 노가다를 양성하는 학원이면, 차라리 독학하세요. 그렇지 않고 컴퓨터 없이 문제를 풀어 개발 도구들로 프로그램을 만드는 방법을 가르쳐 프로그래머를 양성하는 학원이면, 스스로 문제를 풀어 프로그램을 만드는 일인 프로그래밍을 체계적이고 전문적으로 배워 창의적인 혹은 창조적인 문제 해결 능력을 갖출 수 있어 많은 도움이 될 것입니다. 왜냐하면, 개발 도구들로 하는 일인 프로그래밍이란 컴퓨터를 이용한 문제 해결 과정이기 때문입니다.\n프로그래밍을 공부하는 데는 공부하는 방법이 매우 중요합니다. 공부하는 방법부터 배우고 시작해 보세요. 그렇지 않지만, 우리나라에서는 대부분 C언어부터 배우고 C++언어, C#언어를 배우라고 해서(C#언어부터 배워도 됩니다) C언어, C++언어, C#언어를 배우다 보면, C언어, C++언어, C#언어 책에 적힌 내용은 그럭저럭 이해되지만, 장마다 제시되는 문제를 풀어 C언어, C++언어, C#언어로 프로그램을 만들고자 하면, 어떻게 해야 하는지 모르겠고, 잘되지 않습니다. 그러면 답지를 구해 코드만 외우고 넘어 갑니다. 망하는 지름길입니다.\nC언어, C++언어, C#언어 책에 적힌 내용은 C언어, C++언어, C#언어의 문법이고, 장마다 제시되는 문제를 풀어 C언어, C++언어, C#언어로 프로그램을 만드는 일은 프로그래밍입니다. 따라서 C언어, C++언어, C#언어의 문법만 배운다고 프로그래밍을 할 수 있는 것은 아닙니다. 그래서 C언어, C++언어, C#언어의 문법을 배울 것인지 아니면 C언어, C++언어, C#언어로 하는 일인 프로그래밍을 배울 것인지를 먼저 명확하게 하세요. 공부하는 방법이 다르기 때문입니다. 공부하는 목표에 맞게 공부하는 방법을 배워 공부하면 보다 쉽고 재미있게 배울 수 있습니다.\n 공부하는 방법도 설명드려 보겠습니다. 참고해 보세요.\nC언어, C++언어, C#언어를 보다 쉽고 재미있게 배우고, 스스로 문제를 풀어 C언어, C++언어, C#언어로 프로그램을 만들고자 한다면, 먼저 프로그래밍을 배우세요. 문제를 풀어 프로그램을 만드는 일인 프로그래밍을 먼저 체계적이고 전문적으로 배우세요. 그래서 창의적인 혹은 창조적인 문제 해결 능력을 갖추도록 하세요. 왜냐하면, C언어, C++언어, C#언어로 하는 일인 프로그래밍이란 컴퓨터를 이용한 문제 해결 과정이기 때문입니다.\n위쪽 프로그래밍의 정의에 의하면, 먼저 문제를 풀어 알고리듬과 자료구조를 만드는 방법을 배우세요. 그리고 C언어, C++언어, C#언어로 알고리듬과 자료구조로 프로그램을 만드는 방법을 배우세요. C언어, C++언어, C#언어로 알고리듬과 자료구조로 프로그램을 만들 때 필요한 C언어, C++언어, C#언어의 문법적인 기능을 이제 C언어, C++언어, C#언어 책에서 찾아서 읽어 보고 적용하는 방식으로 공부하세요. 난이도를 높여 가면서 많은 문제를 풀어 프로그램을 만들다 보면, 스스로 문제를 풀어 프로그램을 만들 수 있고, C언어, C++언어, C#언어도 머리로 기억하는 것이 아니라 몸으로 기억되어 있을 것입니다. 그래서 숨쉬는 것처럼, 걷는 것처럼 자연스럽게 C언어, C++언어, C#언어로 프로그램도 만들 수 있을 것입니다.\n 알고리듬과 자료구조를 만드는 방법을 배우라고 해서 시중에 출간된 알고리듬과 자료구조 책들을 사서 이미 만들어져 책에 실린 정렬과 검색 알고리듬, 연결리스트, 트리, 그래프, 스택, 큐들을 외우지 마십시오. 정렬과 검색 알고리듬, 연결리스트, 트리, 그래프, 스택, 큐들을 만들 수 있도록 알고리듬과 자료구조를 만드는 방법을 먼저 배우라는 것입니다.\n 인터넷에서 사용되는 논리가 ""C언어를 알아야 프로그램을 만들 수 있으므로 C언어를 먼저 배우라""고 합니다. 이러한 논리가 우리나라 영어 교육이나 학습에서도 적용되었지요.  우리나라 영어 교육이나 학습은 영어의 문법부터 시작합니다. 그렇게 해서 중학교, 고등학교 심지어 대학교까지 똑같은 방식으로, 영어 문법을 외우는 방식으로 공부하게 됩니다. 그렇게 십 수년을 하지만 헤밍웨이의 유명한 소설 책 한 권 제대로 읽지 못하고, 두 세쪽 되는 에세이 하나 제대로 작성하지 못하고, 지나가는 외국인과 담소한 번 제대로 나눌 수 없지 않습니까?\n ""C언어를 알아야만 프로그램을 만들 수 있다""는 논리라면, 영어의 문법을 공부했다면, 영어 소설책도, 에세이도 회화도 가능해야 하지 않습니까? 어느 분야에서 성공하려면, 10000시간 정도 분야에 집중하면 된다는 이론이 있지 않습니까? 우리나라에서 영어 공부에서는 적용되지 않는 이유는 무엇일까요? 교육과 학습에 문제가 있다는 것입니다.\n 그래서 요사이는 영어 교육과 학습이 매우 실용적으로 바뀌고 있습니다. 문법을 암기하는 것이 아니라, 듣기와 말하기로 바뀌고 있습니다. 듣기와 말하기할 때 필요하면 문법을 공부하고 적용하는 방식으로 말입니다. 그래서 좋은 결과를 내고 있습니다.\n프로그래밍 교육과 학습도 바뀌어야 합니다. 문법위주 교육과 학습보다는 문제 해결 중심의 교육과 학습으로 바뀌어야 합니다. 프로그래밍을 공부하는 방법을 배우세요.\nC언어나 JAVA언어같은 프로그래밍 언어와 프로그래밍을 체계적이고 전문적으로 공부하는 방법도 설명드려 보겠습니다. 참고해 보세요.\n 프로그래밍은 우리가 생활하는 데 있어 부닥치는 복잡한 문제를 새로운 생각으로 풀어 프로그래밍 언어로 컴퓨터가 처리하도록 하는 프로그램을 만들어 보다 편하게 살 수 있는 세상을 만드는 일입니다. 그래서 어렵습니다. 그렇지만 내가 생각한 프로그램을 만들고 세상 사람들이 사용한다면 엄청난 성취감과 자부심을 느낄 수 있습니다.\n 이러한 프로그래밍을 하고자 한다면 다음과 같은 최소한의 능력을 갖추어야 합니다.\n(1) 문제 해결 능력\n(2) 프로그래밍 언어 구사 능력\n(3) 개발 툴 사용 능력\n 이 중에서 가장 중요한 것은 문제 해결 능력입니다. 문제를 해결할 수 없으면, 프로그래밍 언어 구사 능력도 개발 툴 사용 능력도 아무 소용이 없습니다. 문제 해결 능력은 많은 문제를 풀어 프로그램을 만들어 봄으로 해서 나만의 문제 해결 방법을 만들었을 때 갖추어 지는 것입니다. 따라서 프로그래밍을 배우고자 한다면 체계적이고 전문적인 학습을 해야 합니다. 그러면 누구나 프로그래밍을 할 수 있습니다.\n프로그래밍 언어나 프로그래밍을 배울 때는 C언어나 자바같은 프로그래밍 언어만 배우지 마시고, C언어나 자바로 하는 일인 프로그래밍을 먼저 공부하세요. 프로그래밍 언어만 배운 사람이면 프로그래밍 언어가 배우기 어렵다고 하고, 어려운 프로그래밍 언어를 한 권 내지 두 세권 책으로 공부를 마친 후에도 문제를 스스로 풀어 배운 프로그래밍 언어로 프로그램을 만들려고 하면 어디서 부터 시작하여 어떻게 해야 하는지가 막막하다고 합니다.\n 왜 그럴까요? 프로그래밍 언어 책에 적힌 프로그램을 이해하기 위해서는 프로그래밍을 배워야 하는데 그렇지 않고 프로그래밍 언어를 배우고자 하기 때문입니다. 프로그래밍 자체는 어렵습니다. 프로그래밍은 문제를 풀어 컴퓨터가 처리하도록 하는 프로그램을 만드는 일이기 때문입니다.\n 프로그래밍 언어 책에서는 문제를 풀어 프로그램을 만드는 것을 설명하지 않고, 문제를 풀어 해결책(알고리듬)을 만든 후에 컴퓨터가 처리하도록 하는 프로그램을 만들 때 프로그래밍 언어가 언제, 어떻게 적용되는지만을 설명합니다. 그래서 프로그래밍과 프로그래밍 언어를 재미있게 공부하고자 한다면 체계적이고 합리적인 학습을 해야 합니다.\n프로그래밍 언어를 배우기 전에 프로그래밍 언어로 하는 일인 프로그래밍을 먼저 공부하세요. 프로그래밍이 무엇인지, 어떻게 하는지, C언어같은 프로그래밍 언어가 언제, 어떻게 사용되는지 그리고 프로그램이 어떻게 작동하는지를 공부하세요. 또한 이러한 개념과 원리를 바탕으로 문제를 풀어 프로그램을 만드는 절차를 배우세요. 이러한 내용을 배우고자 하면, 다음 책들을 참고해 보세요.\n 책들은 ""이렇게 하면 나도 프로그램을 잘 만들 수 있다(나프잘)"" 시리즈입니다.\n 이렇게 프로그래밍을 이해했다면, 프로그래밍 언어를 배우세요. 무작정 프로그래밍 언어 책을 사고 동영상강의를 보면서 책에 적혀 있는 프로그램을 아무 생각없이 입력해서 실행시켜 보고 머리를 끄덕이고 외우는 방식보다 쉽게 재미있게 프로그래밍 언어를 배울 수 있습니다. 왜냐하면 왜 프로그래밍 언어를 배워야 하는지를 명확하게 이해했고, 프로그래밍 언어 책에 나온 프로그램이 어떻게 작성되었는지를 이해할 수 있고, 마지막으로 프로그래밍 언어 책에 제시되는 문제를 풀어 프로그램을 만들 수 있기 때문입니다.\n C언어를 공부하고자 한다면 다음 책을 참고해 보세요.\n책은 ""C를 배우면 함수를 잘 만들어야 한다""입니다.\n 문법만 설명하는 것이 아니라 문제를 풀어 프로그램을 만들 때 C언어가 언제, 어떻게 적용되는지를 설명합니다. 특히 책의 처음부터 끝까지 C언어를 배우면 반드시 만들 수 있어야 하는 함수를 만들어서 사용하는 방법을 설명합니다.\n 네이버 카페 ""프로그래밍을 배우자""에서 게시글과 동영상강의로 프로그래밍이 무엇인지, 어떻게 하는 것인지 그리고 C언어나 JAVA언어가 언제, 어떻게 사용되는지를 확인해 보세요. 그리고 프로그래밍과 C언어나 JAVA언어를 어떻게 배워야 할지를 생각해 보고 시작하세요. 그래서 시행착오를 줄이세요.\n독학을 하신다면 책을 읽는 방법을 바꾸세요. 책을 볼 때 바로 정독을 하지 마시고, 빠른 속도로 전체 내용을 훓어 보는 방식으로 여러 번 보고, 정독을 하십시오. 왜냐하면 모든 내용은 질문자 님에게 새로운 내용입니다. 따라서 어려울 수 밖에 없습니다. 그래서 최소한 책에 어떠한 내용이 담겨 있는지와 자주 사용되는 용어(혹은 개념)에는 익숙해야 정독을 할 수 있지 않습니까? 책의 줄거리나 용어에 익숙하기 위해서 빠른 속도로 전체 내용을 훑어 보는 방식으로 먼저 읽어 보시라고 권하는 것입니다.\n좋지 않은 프로그래밍 공부 방법이지만, C언어, C++언어, C#언어의 문법만 배우고자 한다면, 책을 훑어보기로 처음부터 끝까지 빠르게 3-4회 읽어 어떠한 내용인지, 자주 사용되는 용어들에 익숙해 지도록 하세요. 내용이 파악되고, 용어들에 익숙해지면, 처음부터 책에 실린 코드도 컴퓨터에 입력해 보면서, 컴퓨터가 없으면 공책에 적어 보면서 어떠한 문법이 언제, 어떻게 사용되는지를 외우세요. 이때는 ""왜 이렇게 할까"", ""어떻게 작동할까""라는 생각들은 하지 마시고, 외우세요.']",4,https://kin.naver.com/qna/detail.naver?d1id=4&dirId=40608&docId=361565640&qb=67Cx7Iug&enc=utf8&section=kin&rank=52&search_sort=3&spq=0,"컴퓨터, 프로그래밍"
1,2020.07.04,"['노트북', '프로그램', 'pc', '백신파일']",노트북 잘 아시는 분들 도와주세요 ㅠㅠ...,제가 설치하지도 않은 avast Mcafee 이런 백신 프로그램이 잔뜩 깔려있는데요 ㅠㅠ 그냥 무시하고 썼더니 팝업이 너무 심해서요... avast 는 막 제 노트북이 해킹 당했다 결제해서 보호해라 이런 광고도 계속 띄우고요... 그냥 삭제해도 될까요? 그리고 제 ip 주소 노출 이런 건 그냥 광고겠지요? ㅠㅠ... 무서워요,['그냥 백신프로그램 싹다 지우시고 윈도우 디펜더만 정기적으로 돌려주셔도 충분합니다.\n괜히 광고뜨고 느려지게만드는 원인이 백신이에요.'],1,https://kin.naver.com/qna/detail.naver?d1id=1&dirId=10102&docId=361630196&qb=67Cx7Iug&enc=utf8&section=kin&rank=1&search_sort=3&spq=0,노트북
4,2020.07.04,['#apk'],제가 apk 파일이 깔렸는지 확인하는 방법좀 알려주세요,"제가 apk 파일을 깔았는지 기억이 안나는데 아는방법 있나요?

V3 모바일 바이러스 백신 프로그램을 쓰는데 여기서 악성코드가 없다고 뜨면 괜찮나요?

장난치지마세요","['구글에서 개발한 안드로이드 운영체제 기반의 스마트폰 및 태블릿에서는 APK 확장자를 가진 파일을 다운로드하여 모바일 기기에서 사용할 수 있는 응용 소프트웨어를 설치할 수 있는데요.\nAPK는 안드로이드 패키지 키트(Android Package Kit)의 약자로 안드로이드 용 앱을 배포하는데 사용하는 파일 확장자입니다.\n아이폰은 해당하지 않습니다.\n스마트폰에 악성 앱이 설치되기 위해서는 해당 악성 앱을 설치하는 설치 파일(APK 파일)이 필요합니다. \n스미싱 문자메시지에서 인터넷 주소를 클릭하면 APK 파일이 \n다운로드되고, 해당 APK 파일을 실행하면 악성 앱이 설치됩니다. \n악성 앱뿐만 아니라 해당 APK 파일까지 삭제해야 추후 악성 앱이 재설치 될 가능성을 예방할 수 있습니다.\nAPK 파일은 스마트폰에 기본적으로 설치되어 있는 ‘파일 관리자’,\n‘내 파일’ 등 파일 관리 애플리케이션에서ㅡ> ‘Download 폴더’를 확인하여 삭제가 가능합니다.\nv3 모바일 백신을 사용 하신다면 apk 파일을 진단하니 크게 염려는 하지 않으셔도 되나 원천적으로\n설치를 예방 설정 하는 것이 안전을 위해서 좋습니다.\napk 파일 원천 차단 설정 방법을 아래  제 블로그 링크드리니 참고하셔서 도움 되시기 바랍니다.\n안드로이드폰 해킹 예방 apk 자동 설치 방지, 출처를 알 수 없는 앱 설치 차단.\n"" 악성코드 감염, 해킹은 보통 폰에 악성 앱이 설치되면서 시작됩니다. 해커들이 폰에 악성 apk를 설...\nblog.naver.com']",1,https://kin.naver.com/qna/detail.naver?d1id=1&dirId=11002&docId=361586934&qb=67Cx7Iug&enc=utf8&section=kin&rank=33&search_sort=3&spq=0,바이러스
1,2020.07.04,[],내년 초 해외여행,"작년 말,올해 초부터 생각하던 내년 초 도쿄여행이 코로나 때문에 취소 될판인데 넘 속상해요..ㅠ 내년 2월쯤으로 생각하고 있었는데 백신이 빠르면 올해 말에 나온다고 하는데, 저때 쯤이면 해외여행 갈 수 있을까요..",['해외여행 갈수 있기를 희망 하네요 ....'],1,https://kin.naver.com/qna/detail.naver?d1id=9&dirId=902&docId=361630172&qb=67Cx7Iug&enc=utf8&section=kin&rank=2&search_sort=3&spq=0,해외여행
1,2020.07.04,[],코로나 종식 10년 걸릴까요?,,"['아닐걸요 아마두', '백신이나 치료제가 나오면 게임끝이겠지요.\n6개월에서 1년정도면 상용화 된다고 하니 기다려봐야지요.\n하지만 변이속도가 빨라 백신을 무력화 시키는 변종이 생길 수도 있으므로\n백신도 만병통치는 아니라는 말이 있어 불안하기는 합니다.', '아뇨\n내후년에는  백신 개발하죠']",3,https://kin.naver.com/qna/detail.naver?d1id=8&dirId=814&docId=361627729&qb=67Cx7Iug&enc=utf8&section=kin&rank=3&search_sort=3&spq=0,기타
1,2020.07.04,"['#문제풀이', '#문제풀이']",왜 코로나19는 돌연변이가 빨리 발생하나요??코로나19가 기존 전염병과 다른게 있나요??,,"['왜 코로나19는 돌연변이가 빨리 발생하나요??코로나19가 기존 전염병과 다른게 있나요?\n네 빠르게 퍼져나가는 것이 다르다고 해요 더욱 조심하시길 바래요', '귀하가 언급한 기존 전염병은  병원체에 대한  백신이 있고  전염경로도  음식물을 통하여  전염되는 경우가 대부분입니다\n중국 우한에서 발생하여 우리나라에 이름한 코로나는  병원균의  전염이  공기,  접촉등을 통하여 되고 있으므로 예방이 어렵고 또한 백신이 발견되지 않아  기저질환이 있는 사람이나  면역성이 없는 어린이등에 치명적인 점이 다르다고 할수 있을 것입니다.', '이번 코로나 바이러스는 변이가 빠른편이 아닙니다.\n다행이도 느린편에 속합니다.\n빠른편인경우 백신을 못만듭니다.\n========= 2020년 6월 특가 상품 ========\n!! 여름 슈즈와 악세사리 특가 기획전 !!\n▶ https://coupa.ng/bENOvv\n!! 에어컨 할인 행사중 환급도받으세요!!\n▶ https://coupa.ng/bEYoii\n!! 여름 가전 특가 행사중 !!\n▶https://coupa.ng/bEYmWF\n여름 향수 브랜드 전품목 최대 60% 세일중\n여자 여름 향수 특가 한눈에 보기\n▶ https://coupa.ng/bEhHHz\n남자 여름향수 특가 한눈에 보기\n▶https://coupa.ng/bEhHQk\n행사중!! 썸머 화장품 기획전 브랜드 상품 최대 64% 할인행사중입니다.\n인기 여름 화장품 한눈에 보기 \n▶ https://coupa.ng/bEhOo0\n물과 땀에 지워지지않는 워터프루프 제품 한눈에 보기\n▶ https://coupa.ng/bEhKP0\n안마의자 최대 64% 할인 기획전\n▶ https://coupa.ng/bD3eFd\n닌텐도 스위치 라이트 최저가 31만원대 (한정물량 조기소진유의)\n▶ https://coupa.ng/bEaFBB\n모여봐요 동물의 숲 할인 행사중!! \n▶ https://coupa.ng/bD3fsq\n사이버펑크2077 XBOX ONE X 1TB 스페셜 에디션 사전예약중 (한정판 조기소진 유의)\n▶ https://coupa.ng/bDZM9C\n게이밍 모니터 특가 행사중\n▶ https://coupa.ng/bDZOfQ\n게이밍 데스크탑 특가 행사중\n▶ https://coupa.ng/bDZOpv\n냉장고 특가 한눈에 보기\n▶ https://coupa.ng/bDZQvO\n주방 가전 특가 한눈에 보기\n▶ https://coupa.ng/bDZSVk\n김치냉장고 특가 한눈에 보기\n▶ https://coupa.ng/bD3ez4\n========= 코로나 대비 상품 =========\n!! FDA 인증 여름용 덴탈 마스크 50매/100매 \n▶ https://coupa.ng/bEaIOi\n!! KC 인증 여름용 덴탈 마스크 장당 240원!! \n▶ https://coupa.ng/bEamgg\n!! KC 인증 여름용 덴탈 마스크 50장!!\n▶ https://coupa.ng/bEaIsf\n!! 여름용 쿨 메쉬 원단 마스크 세탁가능\n▶https://coupa.ng/bEaNkR\n<비말 차단 마스크 KF-AD> 특가 한눈에 보기\n▶ https://coupa.ng/bDPwlM\n<덴탈 마스크> 특가 한눈에 보기!\n▶ https://coupa.ng/bCdPT5\n<아이 전용 마스크> 특가 한눈에 보기!\n▶ https://coupa.ng/bDZLnP\n<KF94 필터 마스크> 특가 한눈에 보기!\n▶ https://coupa.ng/bCdP2a\n<면 마스크> 특가 한눈에 보기!\n▶ https://coupa.ng/bCdQiu\n<대형> 마스크 특가 한눈에 보기!\n▶ https://coupa.ng/bEegC4\n<중형> 마스크 특가 한눈에 보기!\n▶ https://coupa.ng/bEegiw\n<소형> 마스크 특가 한눈에 보기!\n▶ https://coupa.ng/bEegHy\n<소소형> 마스크 특가 한누에 보기!\n▶ https://coupa.ng/bEegLY\n<휴대용 손소독제!> 들고다니면서 뿌려요! 향수같은 향기 \n▶ https://coupa.ng/bAeAnZ\n<휴대용 손소독제!> 깔끔한 에탄올 70% 손소독제! \n▶https://coupa.ng/bAeBpD\n========= 필수 영양제 상품 =========\n필수 <면역력> 영양제 한눈에 보기!\n▶ https://coupa.ng/bCy7C3\n필수 <수험생> 영양제 한눈에 보기!\n▶ https://coupa.ng/bCIyp4\n필수 <다이어트> 에 좋은 영양제 한눈에 보기!\n▶ https://coupa.ng/bCZ7xg\n필수 <정력> 에 좋은 영양제 한눈에 보기!\n▶ https://coupa.ng/bCZ9eH\n필수 <여성> 영양제 한눈에 보기! \n▶ https://coupa.ng/bB5XI2\n필수 <갱년기> 영양제 한눈에 보기!\n▶ https://coupa.ng/bCjf4c\n=========여름 바캉스 패키지=========\n곧 여름 바캉스 시즌입니다. 미리 예약하시고 큰 혜택 보시기바랍니다. 조기 매진 주의\n전지역 프리미엄 펜션 (풀빌라) 20% 할인중 특가 한눈에 보기\n▶ https://coupa.ng/bDZL3V\n제주 여행 특가 행사전 (항공권/입장권/패키지상품)\n▶ https://coupa.ng/bDZNtt\n캠핑 용품 특가 행사중!! 최대 48%\n▶https://coupa.ng/bD7gc0\n낚시 용품 특가 한눈에 보기!!\n▶https://coupa.ng/bD7gvE\n초보자 입문자도 쉽게 낚시 한다 원투 낚시!\n원투 낚시 세트 한눈에 보기!!\n▶https://coupa.ng/bElXmG\n========= 여행 및 생필품 특가 상품 =========\n순백 3겹 라벤더 바닐라 롤 화장지 30롤\n▶https://coupa.ng/bD3c0b\n탐사수 20병 팩 \n▶https://coupa.ng/bD3dkh\n아기 물티슈 100매짜리 10팩\n▶https://coupa.ng/bD3dBt\n농심 육개장 사발면 6개 패키지\n▶https://coupa.ng/bD3dKG\n깨끗한 소중한 우리쌀 \n▶https://coupa.ng/bD3dU0\n======= 오늘의 반찬 특가 =======\n호주산 와규 양념 불고기 (냉장) 100g당 990원\n▶ https://coupa.ng/bD6MFq\n한돈 1등급 삼겹살 구이용 (냉장) 100g당 1466원\n▶ https://coupa.ng/bD6NgR\n한우 1+ 등급 채끝 스테이크 (냉장) 200g \n▶ https://coupa.ng/bD6NvW\n참맛나라 신선한 알이 듬뿍 알탕\n▶https://coupa.ng/bD6OSW\n빠네 크림 파스타\n▶https://coupa.ng/bD6OZe\n리코타 치즈 샐러드 2팩\n▶ https://coupa.ng/bD6N1S\n채소믹스 패키지 요새 핫한제품입니다!\n▶ https://coupa.ng/bD6OhK\n삼립 아침엔 우유토스트 식빵 2팩 3960원\n▶ https://coupa.ng/bD6Oqm\n춘천 닭갈비 (냉장) 특가 세일중\n▶ https://coupa.ng/bEv3Q8\n충남 농협 GAP 인증 대추방울 토마토 1KG 4900원 특가 행사중\n▶ https://coupa.ng/bEv31P\n동원 비엔나 소세지 1KG 3980원 특가 행사중\n▶ https://coupa.ng/bEv4dc\n파트너스 활동의 일환으로 일정액의 수수료를 제공 받습니다.']",3,https://kin.naver.com/qna/detail.naver?d1id=11&dirId=1116&docId=361625691&qb=67Cx7Iug&enc=utf8&section=kin&rank=4&search_sort=3&spq=0,"생물학, 생명공학"
1,2020.07.04,[],코로나19 백신 개발이 어려운이유,"코로나19 백신 개발이 왜 어려운건가요?
학교에 조사해서 가야하는데 두 세가지 정도 정리해서 알려주시면 감사하겠습니다","['코로나19는 바이러스성 질환으로 세균에의한 병은 항생제로 치료하지만 바이러스에의한 치료제는 항바이러스제로 치료합니다 \n항바이러스제는 항생제에비해 만들기가 매우 어렵고 \n심지어 코로나19는 핵산이 DNA가아니라 RNA구조여서 더 변이가 잘 일어납니다', '왜냐하면 코로나 바이러스는 RNA의 종류 이기때문입니다. RNA 바이러스는 DNA와 달리 돌연변이가 되도 그걸 억제할 물질이 없기때문에 그상태로 복제 또 복제를 계속하기 때문입니다. 그렇기 때문에 치료제를 계발하기 까다롭죠', '핵산이 RNA 구조 - 변이가 잘된다\n백신은 개발중이며\n연말에 미국에서 1~2종 발표\n내년 상반기 보급을 목표로 임상실험중입니다.\n========= 2020년 6월 특가 상품 ========\n!! 여름 슈즈와 악세사리 특가 기획전 !!\n▶ https://coupa.ng/bENOvv\n!! 에어컨 할인 행사중 환급도받으세요!!\n▶ https://coupa.ng/bEYoii\n!! 여름 가전 특가 행사중 !!\n▶https://coupa.ng/bEYmWF\n여름 향수 브랜드 전품목 최대 60% 세일중\n여자 여름 향수 특가 한눈에 보기\n▶ https://coupa.ng/bEhHHz\n남자 여름향수 특가 한눈에 보기\n▶https://coupa.ng/bEhHQk\n행사중!! 썸머 화장품 기획전 브랜드 상품 최대 64% 할인행사중입니다.\n인기 여름 화장품 한눈에 보기 \n▶ https://coupa.ng/bEhOo0\n물과 땀에 지워지지않는 워터프루프 제품 한눈에 보기\n▶ https://coupa.ng/bEhKP0\n안마의자 최대 64% 할인 기획전\n▶ https://coupa.ng/bD3eFd\n닌텐도 스위치 라이트 최저가 31만원대 (한정물량 조기소진유의)\n▶ https://coupa.ng/bEaFBB\n모여봐요 동물의 숲 할인 행사중!! \n▶ https://coupa.ng/bD3fsq\n사이버펑크2077 XBOX ONE X 1TB 스페셜 에디션 사전예약중 (한정판 조기소진 유의)\n▶ https://coupa.ng/bDZM9C\n게이밍 모니터 특가 행사중\n▶ https://coupa.ng/bDZOfQ\n게이밍 데스크탑 특가 행사중\n▶ https://coupa.ng/bDZOpv\n냉장고 특가 한눈에 보기\n▶ https://coupa.ng/bDZQvO\n주방 가전 특가 한눈에 보기\n▶ https://coupa.ng/bDZSVk\n김치냉장고 특가 한눈에 보기\n▶ https://coupa.ng/bD3ez4\n========= 코로나 대비 상품 =========\n!! FDA 인증 여름용 덴탈 마스크 50매/100매 \n▶ https://coupa.ng/bEaIOi\n!! KC 인증 여름용 덴탈 마스크 장당 240원!! \n▶ https://coupa.ng/bEamgg\n!! KC 인증 여름용 덴탈 마스크 50장!!\n▶ https://coupa.ng/bEaIsf\n!! 여름용 쿨 메쉬 원단 마스크 세탁가능\n▶https://coupa.ng/bEaNkR\n<비말 차단 마스크 KF-AD> 특가 한눈에 보기\n▶ https://coupa.ng/bDPwlM\n<덴탈 마스크> 특가 한눈에 보기!\n▶ https://coupa.ng/bCdPT5\n<아이 전용 마스크> 특가 한눈에 보기!\n▶ https://coupa.ng/bDZLnP\n<KF94 필터 마스크> 특가 한눈에 보기!\n▶ https://coupa.ng/bCdP2a\n<면 마스크> 특가 한눈에 보기!\n▶ https://coupa.ng/bCdQiu\n<대형> 마스크 특가 한눈에 보기!\n▶ https://coupa.ng/bEegC4\n<중형> 마스크 특가 한눈에 보기!\n▶ https://coupa.ng/bEegiw\n<소형> 마스크 특가 한눈에 보기!\n▶ https://coupa.ng/bEegHy\n<소소형> 마스크 특가 한누에 보기!\n▶ https://coupa.ng/bEegLY\n<휴대용 손소독제!> 들고다니면서 뿌려요! 향수같은 향기 \n▶ https://coupa.ng/bAeAnZ\n<휴대용 손소독제!> 깔끔한 에탄올 70% 손소독제! \n▶https://coupa.ng/bAeBpD\n========= 필수 영양제 상품 =========\n필수 <면역력> 영양제 한눈에 보기!\n▶ https://coupa.ng/bCy7C3\n필수 <수험생> 영양제 한눈에 보기!\n▶ https://coupa.ng/bCIyp4\n필수 <다이어트> 에 좋은 영양제 한눈에 보기!\n▶ https://coupa.ng/bCZ7xg\n필수 <정력> 에 좋은 영양제 한눈에 보기!\n▶ https://coupa.ng/bCZ9eH\n필수 <여성> 영양제 한눈에 보기! \n▶ https://coupa.ng/bB5XI2\n필수 <갱년기> 영양제 한눈에 보기!\n▶ https://coupa.ng/bCjf4c\n=========여름 바캉스 패키지=========\n곧 여름 바캉스 시즌입니다. 미리 예약하시고 큰 혜택 보시기바랍니다. 조기 매진 주의\n전지역 프리미엄 펜션 (풀빌라) 20% 할인중 특가 한눈에 보기\n▶ https://coupa.ng/bDZL3V\n제주 여행 특가 행사전 (항공권/입장권/패키지상품)\n▶ https://coupa.ng/bDZNtt\n캠핑 용품 특가 행사중!! 최대 48%\n▶https://coupa.ng/bD7gc0\n낚시 용품 특가 한눈에 보기!!\n▶https://coupa.ng/bD7gvE\n초보자 입문자도 쉽게 낚시 한다 원투 낚시!\n원투 낚시 세트 한눈에 보기!!\n▶https://coupa.ng/bElXmG\n========= 여행 및 생필품 특가 상품 =========\n순백 3겹 라벤더 바닐라 롤 화장지 30롤\n▶https://coupa.ng/bD3c0b\n탐사수 20병 팩 \n▶https://coupa.ng/bD3dkh\n아기 물티슈 100매짜리 10팩\n▶https://coupa.ng/bD3dBt\n농심 육개장 사발면 6개 패키지\n▶https://coupa.ng/bD3dKG\n깨끗한 소중한 우리쌀 \n▶https://coupa.ng/bD3dU0\n======= 오늘의 반찬 특가 =======\n호주산 와규 양념 불고기 (냉장) 100g당 990원\n▶ https://coupa.ng/bD6MFq\n한돈 1등급 삼겹살 구이용 (냉장) 100g당 1466원\n▶ https://coupa.ng/bD6NgR\n한우 1+ 등급 채끝 스테이크 (냉장) 200g \n▶ https://coupa.ng/bD6NvW\n참맛나라 신선한 알이 듬뿍 알탕\n▶https://coupa.ng/bD6OSW\n빠네 크림 파스타\n▶https://coupa.ng/bD6OZe\n리코타 치즈 샐러드 2팩\n▶ https://coupa.ng/bD6N1S\n채소믹스 패키지 요새 핫한제품입니다!\n▶ https://coupa.ng/bD6OhK\n삼립 아침엔 우유토스트 식빵 2팩 3960원\n▶ https://coupa.ng/bD6Oqm\n춘천 닭갈비 (냉장) 특가 세일중\n▶ https://coupa.ng/bEv3Q8\n충남 농협 GAP 인증 대추방울 토마토 1KG 4900원 특가 행사중\n▶ https://coupa.ng/bEv31P\n동원 비엔나 소세지 1KG 3980원 특가 행사중\n▶ https://coupa.ng/bEv4dc\n파트너스 활동의 일환으로 일정액의 수수료를 제공 받습니다.']",3,https://kin.naver.com/qna/detail.naver?d1id=11&dirId=111601&docId=361624694&qb=67Cx7Iug&enc=utf8&section=kin&rank=5&search_sort=3&spq=0,분자생물학
1,2020.07.04,[],2년 뒤엔 코로나 잠잠해질까요?,,['아마도 백신이나오면 그때쯤 잠잠해질거입니다 현재 추축입니다만 코로나는 1년내외로 종식될거라합니다 하지만 그떄까지 마스크 잘쓰고 다니십시요'],1,https://kin.naver.com/qna/detail.naver?d1id=7&dirId=705&docId=361622735&qb=67Cx7Iug&enc=utf8&section=kin&rank=6&search_sort=3&spq=0,대체의학
1,2020.07.04,"['중3', '공부법', '과목별공부법', '과목별공부하는법', '중3문제집', '중3문제집추천', '공부법추천']",중3 과목별 공부법과 문제집,"안녕하세요 중간고사 망쳐서 정신차린 중3 학생입니다. 이번 기말 열심히 공부해서 잘 치고 싶은데 과목별 공부법과 문제집을 추천해 주세요 
과목: 국어 수학 사회 과학 역사 영어 중국어 기술가정 ","['국어는 일단 학습지 있죠? 그거 잘보시고 평가문제집이나 자습서 사셔서 꼭 필요한 개념 다 아시면 충분히 좋은 점수 맞을 수 있어요 본문같은거는 여러번 읽으세요 \n수학은 개념이해 잘하시고 문제 많이 풀어보셔야 됩니다. \n과학은 이해과목입니다. 개념이해 못하잖아요? 시험 망하는 겁니다. ebs중학 강의 잘보셔요 무료있으니깐 그거 보시면서 공부하세요. 저그걸로 좋은 점수 받았습니다.\n사회,역사는 암기과목이잖아요 이해하시려고 노력하세요 그러고도 도저히 못해먹겠다 싶으면 암기하시는 수밖에 없어요 \n영어는 문법진짜 다 정확히 이해하셔야 합니다. 그리고 제일 중요한건 본문 학교 교과서에 있는 영어문장은 그냥 몽땅 다 외우세요 그럼 ㄹㅇ 100점 맞을 수 있어요.\n기가는 한 2주전? 그정도만 시간 투자 하셔도 충분히 좋은 점수 받으실수 있어요. 저희 학교 같은경우에는 선생님이 시험문제 찝어 주시는데 그렇지 않다면 학습지랑 교과서 꼼꼼이 읽어보시면 됩니다.\n중국어는 해본경험이 없어 답변을 해 드릴수가 없네요 이점은 양해 부탁드립니다.\n<문제집 추천>\n국어:평가문제집or 자습서 근데 저는 둘다 사는 걸 추천드려요 개념같은거는 자습서가 더 낫구요 평가문제집은 문제 풀기용으로 딱입니다.\n수학: 개념원리로 개념 다 정리하신다음 쎈푸세요 라이트쎈 아니구요 그냥 쎈 사세요 어려워도 푸셔야 시험문제 풀수 있어요\n과학: 저는 과학문제집 3권 정도 있는데 올리드, 백신과학, 오투 풉니다. 그중에서 올리드 강추하구요! 진짜 개념정리가 장난아닙니다...\n사회역사: 사회는 자습서하나로 충분하고요 역사는 자습서 평가문제집 추천해요 역사도 추천하는 이유가 국어랑 똑같은데 자습서는 개념 짱이구요 평가문제집은 문제풀기로 짱입니다.\n영어: 평가문제집, 자습서 추천해요 자습서로 본문같은거 싹다 외우셔요 그리고 평가문제집으로 문제 푸세요\n기가: 문제집 필요 없어요 학스지,교과서만 보셔도 충분히 좋은 점수 받으실수 있어요\n 항상 응원하겠습니다. 같은 중3으로써 힘내자구요!!홧팅*^_____^*']",1,https://kin.naver.com/qna/detail.naver?d1id=11&dirId=1103&docId=361621776&qb=67Cx7Iug&enc=utf8&section=kin&rank=7&search_sort=3&spq=0,중학교교육
1,2020.07.04,[],avast 멀웨어관련 질문,"오늘 avast전체검사를 돌렸는데 12개의 멀웨어가 검출이 됬다고 하길래 감염된 파일이 ahnlab v3lite더군요
그래서 저번에도 뜨길래 저번에는 삭제했지만 지금 다시떠서 진짜 감연된건지 궁금합니다...
아래는 사진입니다","['아닌것 같습니다.\n백신들은 탐지할때 여러가지 파일들(필수파일, 기본파일, 응용 서비스 파일 등등)을 보다 심도있게 검색하는데\n서로다른 백신 프로그램을 종종 바이러스라고 탐지하는 경우가 있습니다.\n  실제로 그파일이 바이러스에 감염됐을 수도 있으나 앞에 말씀드린것 처럼 다른 백신프로그램을 바이러스로 탐지하는경우가 가끔 있기때문에 알약이나 다른 백신프로그램으로 다시 전체 바이러스검사를 해보시기 바랍니다.\n여기서도 탐지가되면 의심을 해보는게 좋을것 같습니다.']",1,https://kin.naver.com/qna/detail.naver?d1id=1&dirId=11002&docId=361620943&qb=67Cx7Iug&enc=utf8&section=kin&rank=8&search_sort=3&spq=0,바이러스
1,2020.07.04,[],윈도우10 exe 파일 자동삭제기능 해제 방법 질문드립니다.,"회사에서 쓰는 소프트웨어인데

자꾸 exe(실행파일)만 윈도우10 업그레이드 한 이후로

지 마음대로 지워서 킬수가 없습니다

자동삭제기능 해제하는 방법 아무리 찾아도 7밖에 안나오고요...

질문드립니다.",['하하하  \n백신이 지우는건 되도록 사용안하시는걸 추천드립니다만\n인증된거라면\n백신창열고 실시간 감시를 끄고 사용해보세요\n(모든백신동일합니다)'],1,https://kin.naver.com/qna/detail.naver?d1id=1&dirId=10301&docId=361619512&qb=67Cx7Iug&enc=utf8&section=kin&rank=9&search_sort=3&spq=0,윈도우
1,2020.07.04,[],뉴스왈..,"코로나 백신 만드는데 문제점이 생겼다
코로나 30% 가돌연변이다 그거때문에 문제점이 될수도있다","['에휴', '30%를 위해 70%를 희생 시키겠다?\n그냥 빨리 백신 내는게 괜찮을 듯']",2,https://kin.naver.com/qna/detail.naver?d1id=8&dirId=80101&docId=361613763&qb=67Cx7Iug&enc=utf8&section=kin&rank=10&search_sort=3&spq=0,"연애, 결혼"
2,2020.07.04,[],블루스크린,"두달전 부터 블루스크린이 게속 뜨네요 IRQL_NOT_LESS_OR_EQUAL랑 PAGE_FAULT_IN_NONPAGED_AREA 이런 문구의 블루스크린이 번갈아 뜨며 하루에 5번에서 10번 정도 나옵니다. 렘 뽑아서 지우개로 지우고 다시 장착 하고 CPU구리스 재도포도 해보고 포맷 하여 재설치도 해보고 바이오스 업데이트,메인보드 칩셋 재설치,랜 카드,리얼텍 사운드 드라이버, 그래픽카드 드라이버도 재설치 하였습니다. 그래도 블루스크린은 여젼히 뜨는 상황입니다. 혹시 바이러스 때문인가 싶어서 노턴 백신으로 검사하였으나 별문제 없었습니다.
고클린으로 하드디스크 검사하여도 정상으로 확인되며 OCCT로 그래픽카드 검사 시 정상으로 나오며 윈도우에 있는 메모리 진단,IPDT(CPU진단도구)로 진단 하여도 정상으로 확인됩니다. 
컴퓨터 사양은 
안택 TP-650C 80+ GOLD 파워
i7-6700스카이레이크
기가바이트 B150M-D3H 듀러블에디션
삼성 메모리 8G 2개
에이수스 ROG STRIX GTX1060 O6G
Crucial MX200 250GB SSD
WD 1TB, 3TB
테스트 용 제품만 있었어도 좀더 해볼수 있는데 제가 더이상 해볼수 있는건 다 해본거 같아요 이렇게 까지 해도 원인을 찾을수가 없네요ㅠㅠ",['고클린 설치하시고 블루스크린뜨면 어디에 이상인지 뜹니다\n간단한 조사리서치 참여후 용돈버는 사이트 : https://bit.ly/3dXwSmQ'],1,https://kin.naver.com/qna/detail.naver?d1id=1&dirId=10104&docId=361612938&qb=67Cx7Iug&enc=utf8&section=kin&rank=11&search_sort=3&spq=0,컴퓨터주변기기
2,2020.07.04,[],중국행자가격리,언제 중국격리 없이 다닐수 있을가요?중국에 코로나없는 도시도 많은데 한국코로나 없는 도시랑 중국 코로나 없는 도시랑 어떻게 좀 격리없이 다닐수 있게 할수 있는 방법 없을가요?,"['없어요.\n치료제 백신 시판될때 가능할것임', '질문자님에게 해당글이 도움이 될까 하여 코로나 자가격리 지원금 총정리글 첨부해두고 가겠습니다^^\n아래글 참고하셔서 조금이라도 도움이 되셨으면 합니다^^\n앞으로도 항상 좋은 시간들만 가득하시길 바랍니다!\n코로나 자가격리 지원금 총정리\n 코로나 자가격리 지원금 코로나 자가격리 지원금 개요 잠잠해지는가 싶더니 다시 코로나가 확산세를 보이고 있습니다. 언제쯤이면 코로나에서 벗어나고 있을지 걱정입니다. 확진자가 늘어나면서 자가격리 하시..\nlth199305.tistory.com']",2,https://kin.naver.com/qna/detail.naver?d1id=8&dirId=816&docId=361611698&qb=67Cx7Iug&enc=utf8&section=kin&rank=12&search_sort=3&spq=0,외국인 한국생활
2,2020.07.04,[],코로나가 언제쯤 종료 되나요,,"['일단 현재 백신 개발 중인데, 내년 초반 또는 올해 후반에 백신이 개발되고, 모두가 백신을 접종 맞는 기간까지 고려하면 내년 여름 정도에 종료될 것으로 보고 있습니다']",1,https://kin.naver.com/qna/detail.naver?d1id=9&dirId=9020203&docId=361610936&qb=67Cx7Iug&enc=utf8&section=kin&rank=13&search_sort=3&spq=0,남아메리카
2,2020.07.04,[],노트북이 이상해요..,롤을 하려는데 갑자기 사진처럼 점검중만 뜨길래 작업관리자로 새로고침도 해보고 다해봤는데 안돼요.. 그래서 삭제하고 다시깔아보려고 했는데 롤 공식 홈페이지에서 다른건 다 잘되는데 다운로드 창만 안넘어가지네요.. 다운로드 누르면 잠시 있다가 에러가 떠요..다운로드가 안된다는 말입니다.. 바이러스 같아서 알약을 다운받아보려고 했는데 알약 사이트도 안들어가지네요..웃긴건 집에 있는 컴퓨터 1대 노트북 1대 모두 같은 현상이 나타나요.. 혹시 왜 이런지 알려주실수 있나요? 아니면 포맷을 해야하는건가요? 늦어도 되니깐 제발 알려주세요..ㅠㅠ,['롤 서버가 점검중인겁니다. 컴퓨터 문제가 아니구요\n(참고로 알약은 윈도우10 기본백신 보다 성능이 안 좋습니다.)'],1,https://kin.naver.com/qna/detail.naver?d1id=1&dirId=10102&docId=361608679&qb=67Cx7Iug&enc=utf8&section=kin&rank=14&search_sort=3&spq=0,노트북
2,2020.07.04,['좀비'],좀비랑 인간이 공생할수있을까요?,"좀비는 말그대로 살아있는 시체잖아요. 일단 좀비가 창작물마다 다르니까 공통적인 특징인 
-인간과의 의사소통이 불가능함(으어,,,으어억...)
-인간을 물어서 그 인간도 좀비로 만듬
-다쳐도 웬만하면 쉽게 안죽음(언데드는 아님)
-본능적으로 행동함 
이정도라면 인간과 같이 살수 있는 확률은 얼마나 될까요? 좀비의 좀비권도 지키고 인권도 지키는 방향으로 갈수 있을까요? 보통 좀비가 인간보다 지능이 낮게 나오는데 그럼 인간이 좀비를 부릴수도 있잖아요. 그걸 최소한으로 줄이거나 없애는 방향은 없을까요?","['답 : 백신부터 양해각서, 법률까지\n일단, 귀여운 좀비를 키우려면 \n마계와 협의가 필요합니다.\n개인적으로 어린 새끼 좀비를 좋아해요.\n눈망울이 크고 이뻐요. 이빨도 듬성등성\n(물론 눈은 하나밖에 없지만 ㅠ.ㅠ)\n인간계와 마계가 잘 협의해야 합니다. \n마계는 빛에 약하고, 인간은 어둠에 약해\n서로 백신(예방접종)을 주고받아야 하죠.\n또, 각계에 양해각서를 써야 합니다. \n하느님 요정왕 오딘 제우스 비슈느(인도)\n단군 용족 요괴(중간계)등 각계의 신들의 허락이죠.\n일단, 백신이 적용되면 물려도 좀비화되지 않죠.\n반대로 좀비도 백신맞아 빛에도 살아갑니다.\n서로 왕래하려면 통역과 통제가 필요한데, \n마계에선 데스나이트정도 파견되어야 겠죠?\n또한, 인간도 마계에 발을 디딜 것이므로\n갈 때는 퇴마사나 성기사를 동반하는\n규정이 필요합니다.\n이런 것을 특별법으로 제정해야 합니다.\n""이계 존재에 대한 처우와 대처에 관한 기본법""\n법률의 제정에 의해 좀비 거주구를 만들 수 있습니다. \n또한, 원하면 좀비를 분양받을 시장도 필요하구요.\n의외로 그로테스크한 취향의 사람들 많죠. 저포함\n다만, 사회충격을 최소화 하기 위해 \n""인육과 피의 공유"" ""인간 좀비간 결혼"" ""좀비군""\n이런 인권확장 좀비권 확장의 난제가 있습니다.\n그리고,역대 마왕들이 매우 개인적이거나 사악해서 \n꼭 중간에서 중재할 존재가 필요합니다.(부처님, 예수님)\n도움 되셨길...']",1,https://kin.naver.com/qna/detail.naver?d1id=11&dirId=1111&docId=361607221&qb=67Cx7Iug&enc=utf8&section=kin&rank=15&search_sort=3&spq=0,"철학, 심리철학"
2,2020.07.04,[],코로나 백신 내년에 나오나요?,,"['그건 나중에 알죠', '목표는 올해로 정하고 있습니다. ㅎㅎ', '지금 코로나19를 백신 없이 박멸하는 것은 불가능합니다\n그래서 전세계가 ㅈ잡고 백신개발을 하려 들기 때문에 길어도 내년 안에는 최소한 코로나의 증상과 치명률을 크게 내려주는 정도의 백신이나 치료제는 나올겁니다 애초에 올해 말 개발을 목표로 하고 있기에 감염이 사그러들지 않을 경우 빠르면 올해 말~내년 초에 나옵니다']",3,https://kin.naver.com/qna/detail.naver?d1id=8&dirId=814&docId=361605934&qb=67Cx7Iug&enc=utf8&section=kin&rank=16&search_sort=3&spq=0,기타
2,2020.07.04,[],내년 12월엔 백신 나올까요?,,['그대쯤이면 나올것같기는해요 '],1,https://kin.naver.com/qna/detail.naver?d1id=8&dirId=814&docId=361605655&qb=67Cx7Iug&enc=utf8&section=kin&rank=17&search_sort=3&spq=0,기타
2,2020.07.04,[],2021년 말엔 코로나 백신 있겠죠?,,"['네, 2021년 말쯤이면 코로나19 백신은 상용화가 되어서 2022년 상반기에는 전 세계 모든 나라들에 다 보급되어서 전계계 모든 국가들에서 모두 다 쓰여서 빠르면 2022년 상반기 늦으면 2022년 하반기쯤 코로나19는 종식이 될 것으로 보입니다.']",1,https://kin.naver.com/qna/detail.naver?d1id=7&dirId=705&docId=361605445&qb=67Cx7Iug&enc=utf8&section=kin&rank=18&search_sort=3&spq=0,대체의학
4,2020.07.04,[],서기 2015년과 코로나 바이러스 ?,"2015년 노벨화학상 수상자는 전자현미경을 발견한 과학자들인데
어더한 전자현미경인가 하면 질소를 급속냉각으로 영하 200도까지 얼리면
그 질소는 바로 우리가 모두 알고잇는 메르스 사스 그리고 코로나 바이러스의 형태를 관찰할수잇는
환경이 만들어집니다
..
하나님이 과학자나 철학자를 실어하시는 바로 그점에 해당합니다
아인슈타인이 원자폭탄을 개발한순간 일본은 제2차대전에서 무조건 항복을 햇으나
우리 인류는 누구나 자신의 생명의 위험을 안고 살아가고 잇는겁니다
..
이현미경이 만들어졋슴에도 코로나 백신이 아직가지 만들어지지 안은 이유는
과연 무얼까요 ?  
..

1) 하나님은 선에 잇서 중간에 걸친 인간들의 생각을 혐오함","['네, 전자 현미경이 만들어 졌다고 해도 코로나 바이러스 같이 신종 바이러스가 발생을 하며 백신과 치료제가 만들려면 10조원 이상의 돈과 10년 이상이 시간이 걸린다고 하는데요.\n백신을 만들려면 임상실험등을 통해 부작용등을 파악을 하여 안정성있는 백신만이 허가를 내주게 됩니다.\n지금 수많은 백신이 있지만 그러나 이 백신을 정식으로 허가를 내주지 않고 있는데 임상실험을 통과를 하여 사람들에게 부작용이 있는지를 철저히 검사를 하여 콩과를 해야 정식으로 백신이 나오게 됩니다.\n미국등 전세계가 막대한 돈을 투자를 하여 코로나 백신을 연구중이라 빨리 나오지 않을까 생각을 합니다.\n전세계 코로나 확진자가 1,100만명 그리고 사망자가 52만명인데 코로나가 대유행을 하고 있고 아직 백신과 치료제가 개발이 되지 않아 항상 마스크를 쓰고 사람들과 접촉을 피하며 손을 자주 씻는등 개인위생을 잘해야 할것 같습니다.\n감사합니다.']",1,https://kin.naver.com/qna/detail.naver?d1id=11&dirId=111004&docId=361587533&qb=67Cx7Iug&enc=utf8&section=kin&rank=32&search_sort=3&spq=0,인류학
4,2020.07.04,[],코로나 19 끝나는,"코로나 19 대충 예상해서 언제 쯤
끝나갈지 알 수 있나요?? ㅠㅠㅠ

이상한 댓글은 신고 합니다.","['이 분위기라면 올 연말까지 가지 않을까요?\n빨리 백신이 나오길 기대해야지요.', '솔직히 언제 끝날지는 장담 못하고.. 올해 말 쯤이면 조금 진정되겠네요..', '네, 코로나 바이러스는 절대로 종식이 되지 않는다고 합니다.\n올 가을이나 겨울에 다시 한국도 대유행을 할수가 있다고 질병본부가 경고를 했는데요.\n지금 전세계 코로나 확진자가 1,100만명 그리고 사망자가 52만명인데 대유행을 하고 있으며 아직 백신과 치료제가 개발이 되지 않아 항상 마스크를 쓰고 사람들과 접촉을 피하며 손을 자주 씻는등 개인위생을 잘해야 할 것입니다.\n코로나는 절대로 사라지지 않으며 독감과 같이 재발을 하며 단지 백신과 치료제가 개발이 된다면 피해를 줄일수 있을 뿐입니다.\n감사합니다.']",3,https://kin.naver.com/qna/detail.naver?d1id=7&dirId=710&docId=361588633&qb=67Cx7Iug&enc=utf8&section=kin&rank=31&search_sort=3&spq=0,"의료기관, 의료인"
3,2020.07.04,"['와이파이', '휴대폰해킹']",공공장소 와이파이 연결 만으로도 해킹당할 수 있나요?,"안녕하세요 제가 오늘 음식점에서 보안설정이 안된 와이파이 즉 와이파이 아이콘 옆 자물쇠 표시가 없는 와이파이에 연결했는데요
avast백신 프로그램으로 그 외이파이를 검사해 보았는데 역시 보안설정이 안된 와이파이라고 하더라구요..
그 와이파이를 연결하고 따로 개인정보 입력이나 중요한 정보입력, 모르는 수상한 파일 다운로드는 하지 않았는데

보안설정이 안된 와이파이가 만약 해킹당한 와이파이라면 연결만으로도 휴대폰이 해킹당할 수 있나요?
그 와이파이 이름이 kt wifi였는데요 통신사 와이파이는 괜찮다고 하던데 사실인가요?

꼭 답변 부탁드려요!","[' (어째 오늘 제가 답변한 질문과 거의 비슷한 질문이네요... 일단은 기분탓이라고 하겠습니다.)\n 음... 일단 질문은 두 가지로 나뉘는 것 같으니, 저도 두가지로 나누어서 답변하겠습니다.\n1) 보안설정이 안된 와이파이가 만약 해킹당한 와이파이라면 연결만으로도 휴대폰이 해킹당할 수 있나요?\n정답입니다. 꼭 데이터 통신을 질문자님이 하지 않아도 기기 자체가 자체적으로 통신하는 것이 있기 때문에 그것만으로도 기본적인 기기의 정보가 유출당할 수 있으며, 추가적으로 공격자가 악의적인 목적으로 프로그램 등을 사용(자세한 것은 알려져 있지 않습니다.)한다면 휴대전화 내의 정보를 직접 볼 수 있습니다.\n2) 그 와이파이 이름이 kt wifi였는데요 통신사 와이파이는 괜찮다고 하던데 사실인가요?\n공식적인 통신사 와이파이인 경우 통신사가 직접 관리하는 것이기 때문에, 개인이 설치한 것보다 안전도가 높은 것은 사실입니다.']",1,https://kin.naver.com/qna/detail.naver?d1id=1&dirId=11001&docId=361589260&qb=67Cx7Iug&enc=utf8&section=kin&rank=30&search_sort=3&spq=0,해킹
3,2020.07.04,[],코로나 인종차별,코로나로 인한 인종차별 어떻게 해결할 수 있나요?,['백신 나와도 차별은 계속 될듯합니다.\n흑인들 폭동처럼 한번 엎어주면 쫌 잠잠해질수도'],1,https://kin.naver.com/qna/detail.naver?d1id=6&dirId=61003&docId=361589889&qb=67Cx7Iug&enc=utf8&section=kin&rank=29&search_sort=3&spq=0,인권
3,2020.07.04,"['컴퓨터', '바이러스', '감염', 'url', 'phishing', '치료방법', '노트북']",노트북 URL:phishing 감염,"노트북을 하는데 속도가 느려지고 가끔씩 화면 스크롤을 내릴 때 보라색,초록색 등의 색이 섞인 화면이 버퍼링 걸렸을 때 처럼 화면에 오버랩 되는 현상이 자주 발생합니다
그리고 동영상 로딩이 느려지거나 에어팟 연결시 버퍼링이 자주 발생하고 컴퓨터가 느려져서 바이러스 의심이 들긴했는데

제가 노트북 백신으로 avast를 이용하는데요, avast에서 알림으로 URL:phising에 감염되었기 때문에 
어떤 사용을 중단합니다?였나 차단 합니다 였나 이런 알람이 뜹니다

정확히 URL:phising이 무엇이고, 왜 감염됬는지와 치료 방법(혹시나 서비스 센터에 가야 한다면 비용)을 알려주세요.( 피싱이 개인정보 유출 되는 건가요?? 그럼 노트북으로 했던 카드 정보나 신용 정보가 유출되는 건가요?)

최근에 구글에서 무료 영화보기 사이트에서 영화를 봤는데 거기서 감염이 된게 아닌가 싶은데
avast 백신 프로그램, 윈도우 방화벽이 있는데 왜 감염이 된 걸까요,,.?

추가적으로 컴퓨터 백신 프로그램 추천해주시면 감사하겠습니다","[' 음... 피싱 사이트에 들어간 것 치고는 꽤 증상이 심하네요...\n1) 노트북 속도 저하, 스크롤 시 색상 깨짐, 동영상 로딩 저하, 버퍼링 등의 증상을 보았을 때 기기 내 심각한 성능 저하가 일어난 것 같습니다. 바이러스 감염으로 인해 노트북의 자원이 많이 착취(exploit)당해서 일어나거나, 그래픽 카드가 일부 에러를 일으키는(색상 ""깨짐"") 경우가 많습니다. 일단은 이정도로 상태가 악화된 경우는 초기화(권장) 또는 안티바이러스 소프트웨어의 정밀 검사(대체)를 추천드립니다.\n2) 커뮤니티의 사례를 찾아보면 URL:Phishing에러는 피싱 관련한 사이트로 해당 사이트가 avast백신 데이터베이스에 올라갔을 때 백신이 해당 사이트로의 연결을 탐지하면 차단하는 기능입니다. 물론 선제적으로 방어를 해 준다는 점에서 좋지만, 생각보다 잘못된 사이트가 피싱으로 오인되어 차단되는 경우(물론 얼마 뒤 패치로 인해 다시 오류는 해결됩니다)도 빈번한 편입니다.\n3) 피싱(질문자님이 말하신 ""URL:Phishing"")은 악성코드나 바이러스를 기기에 깔아서 개인정보를 훔쳐가는 것이 아니라 사용자가 속아넘어가 개인정보를 입력해 넘기는 식으로 각종 정보가 유출되는 것입니다. 비록 정보를 안 넘기면 되지만 많은 전문가들은 피싱 사이트에 악성코드까지 내포될 가능성도 많기에 아예 애초에 들어가지 않는 것을 적극 권장하고 있습니다.\n4) 구글의 무료 영화보기 사이트라... 보안상으로 그닥 좋지는 않아 보이네요. 아마도 다른 종류의 악성코드 감염에 노출이 되지는 않았는지 의심은 듭니다. 다만 감염이 되었는지 되지 않았는지는 제가 확인해드릴 수 없다는 점을 참고해주세요.\n5) 컴퓨터 백신 프로그램으로는 무료 제품으로도 충분합니다. Malwarebyte, Malzero(다만, 텍스트 기반으로 동작하므로 사용이 조금 익숙치 않으실수도 있습니다), 알약, V3(전 이것을 윈도우 방화벽과 같이 사용합니다) 같은 제품을 추천드립니다.']",1,https://kin.naver.com/qna/detail.naver?d1id=1&dirId=11002&docId=361590317&qb=67Cx7Iug&enc=utf8&section=kin&rank=28&search_sort=3&spq=0,바이러스
3,2020.07.04,[],네이버 좀비 웹툰,좀비가 나오는 진 모르겠고 좀비였던 사람들이 백신 맞아서 그 수가 엄청 많다 이런 전개였던 거 같은데 웹툰 좀 찾아주세요,"['데드라이프', '좀비가 백신을 맞으면 수가 많아지지 않게되는데\n근데 대충 보면 데드라이프라는 좀비웹툰과 비슷하네요\n거기나오는건 백신이 아니라 주인공의 피 같은거입니다', '좀비가 되어버린 나의 딸']",3,https://kin.naver.com/qna/detail.naver?d1id=3&dirId=30511&docId=361591313&qb=67Cx7Iug&enc=utf8&section=kin&rank=27&search_sort=3&spq=0,웹툰
4,2020.07.04,"['코로나', '종식', '짜증나']",코로나는 언제쯤 끝날까요?,"#코로나 #종식 #짜증나

코로나가 언제쯤 끝날지 그리고 언제쯤 백신이
만들어질지 궁금해요~","['그건 연구원과 의사님의 노력이 빛을 볼때 끝이 나겠죠\n저희는 모르는 겁니다', '코로나는 언제쯤 끝날까요?\n코로나가 언제쯤 끝날지 그리고 언제쯤 백신이\n만들어질지 궁금해요~\n한국 코로나 끝나는 것은 빠르면 9~10월 정도가 되겠어요 \n백신도 그때 정도는 만들어지겠어요 ', '네, 코로나는 독감등과 같이 절대로 종식이 되지 않으며 다만 백신의 개발로 피해를 막을 뿐입니다.\n백신은 지금 전세계가 막대한 돈과 연구를 하여 임상실험등을 하며 개발중이라 정확히는 알수가 없지만 빠르면 올해 늦어도 내년에 개발이 될것 같습니다.\n백신이 지금 만들어 졌다고 해도 부작용등 안정성을 검증을 해야 하기에 임상실험등을 통과를 해야 하기에 시간이 걸릴것 같습니다.\n현재 전세계 코로나 확진자가 1,100만명 그리고 사망자가 52만명이라고 하는데 아직 백신이 개발이 되지 않아 항상 마스크를 쓰고 사람들과 접촉을 피하며 손을 자주 씻는등 개인위생을 잘해야 할것입니다.\n감사합니다.', '코로나 바이러스 자체는 지금의 번식력과 생존력을 보면 사라지기 어렵습니다. 아마 인간과 공존하는 바이러스가 될 겁니다.\n그래도 지금과 같은 대유행은 백신이 나와서 집단 면역이 생기면 자연히 종식되겠지요.\n문제는 백신을 맞고 생긴 항체의 지속기간입니다.\n항체가 1년 후 사라진다면 다시 코로나가 유행할 수 있으므로 1년마다 대규모 접종을 해야 합니다. 그 때마다 코로나는 유행할 수 있을 겁니다.\n또 시간이 지나 코로나의 변종이 생겨서 지난번 백신이 듣지 않는다면 새로운 백신이 나올 때까지 코로나가 크게 유행할 수도 있습니다.\n장기적으로 코로나바이러스가 인플루엔자 정도 수준으로 순해진다고 하는 학자분들 의견도 있으니 계절성 독감으로 생각하고 살 수도 있을겁니다.\n그냥 편하게 세상이 비포 코로나와 애프터 코로나로 나뉘어졌다라고 생각하고 사세요.\n그러다 어느날 코로나가 세상에서 사라지는 일이 우연히 생기면 신이 선물을 주는구나 생각하시구요.', '병신들이 존재하는한 끝나지않아요', '백신이 나오면 종식될수있겠나 했는데\n백신이 나와도 코로나가 감기처럼 계속 같이 간다는 말이 있어서\n걱정입니다\n그리고 지금까지 해왔던것처럼\n우리모두 앞으로도 예방수칙 생활화하기로해요..\n마스크착용\n손씻기\n생활속거리두기\n그리고 코로나에 면역력을 키워야하는거 아시죠?\n제가 먹고있는것도 있고한데 이 사이트 몸에 좋은 제품들\n많이 판매하고 가격도 착하드라구여..\n추후 도움되시길...\n녹용이나 홍삼, 건강즙도 좋고요\n비타민, 프로폴리스, 오메가3, 미네랄, 포도당마시는 음료,\n밀크씨슬, 루테인, 쏘팔메토, 장건강을 위한 제품, \n뼈건강이나 관절건강, 뷰티를 위한 제품, 콜라겐, 눈건강 면역력증진등등\n건강식품들도 골고루 나눠져있어요\n이번에 들어갔더니 이벤트도 하네요~\n제품 구매하신분들 카카오톡 하루건강엔 친구추가하시고\n1:1 대화로 참여완료 남기시면 추첨해서 제주신화월드 숙박권을 주는 이벤트에요\n한번 체크해보세요^^\n코로나 종식되기를 바라며 가족모두 건강유의하세요\n면역력 잘 키워서 강화시키고 코로나 잘 이겨내기로해요!\n미리 예방하는게 최우선일듯합니다\n가족들에게 맞는 영양제 한번 체크해보세요~~\n국산 마스크, 손소독제, 살균소독제도 판매하네요\nhttps://smartstore.naver.com/haruhealthy/notice/content/2001414538\n하루건강엔 : 네이버쇼핑 스마트스토어\n하루건강엔 여기! 건강한 매일을 위해 안전하고 정직한 제품만을 소개합니다.\nsmartstore.naver.com', '안녕하세요 코로나 바이러스는 체액, 즉 기침을 통한 침방울, 가래, 콧물 등으로 전파되어 감염됩니다. 밀폐된 공간에 여러사람이 있거나 침이 공유될 수 있는 식사는 자제하는 것이 좋습니다.\n면 마스크로도 충분히 전파 위험을 낮출 수 있습니다.\n현재 질병관리본부에서 알려드리는 대상자는 다음과 같습니다\n① 중국(홍콩, 마카오 포함)을 방문한 후 14일 이내에 발열(37.5 ℃ 이상) 또는 호흡기증상(기침, 인후통 등)이 나타난 자\n② 확진환자의 증상발생 기간 중 확진환자와 접촉한 후 14일 이내에 발열(37.5 ℃ 이상) 또는 호흡기증상(기침, 인후통 등)이 나타난 자\n③ 의사의 소견에 따라 입원이 필요한 원인미상 폐렴인 자\n확진자와 직접 접촉한 사실도 없고 고열이나 기침 증상이 없다면 안심하셔도 될 것 같습니다. 하지만 기침이나 고열 증세가 생긴다면 바로 1339로 연락하시기 바랍니다!', '확실한건 뭐나면요  코로나는 절대 종식 못해요~']",8,https://kin.naver.com/qna/detail.naver?d1id=11&dirId=111604&docId=361586681&qb=67Cx7Iug&enc=utf8&section=kin&rank=34&search_sort=3&spq=0,해부학
3,2020.07.04,[],중학교 생활..,중학생인데 너무 하고 싶어요...,"['그럼 하세요', '뭐를?', '다들 이해를 못하던데 코로나 얘기 맞죠?\n코로나 때문에 중학교 생활을 중학생인데 못하는 거고\n백신 나오려면 시간 꽤 걸립니다 그때까진 마스크 쓰고 격주등교 하고 학교행사 따윈 없습니다 뭐 지금 대학생 되는 2001년생은 지금 학교에 발도 못디뎠으니 질문자님은 그렇게 불쌍한 사람 아닙니다']",3,https://kin.naver.com/qna/detail.naver?d1id=11&dirId=110307&docId=361595763&qb=67Cx7Iug&enc=utf8&section=kin&rank=26&search_sort=3&spq=0,학교생활
3,2020.07.04,[],이젠 재난지원금 안주나요?,"지금이 오히려 더 재난같은데
아무것도 안주나요?
코로나 득세하고 변종까지 나와서 백신도 필요없다는데
지금같은 시국에 국물도 없나요?
국가 재정 씨가 말랐나요? 선거철 전후 그렇게 난리더니 ","['선거 끝난지가 언젠데...', '3차추경이 됐으니 줄겁니다. \n국가재정은 이미 옛날부터 마이너스입니다. 선거에서는 지들돈아니니깐 공약때리는거구요. \n그리고 지원금 받아서 좋을거없습니다. 당장에야 좋은것같지만 다 세금이기때문에 \n도로 뱉어내야합니다. ', 'ㅋㅋㅋㅋㅋ\n재난지원금 받아도 다 그거 세금으로 돌아옵니다~~\n좋은게 아니에요 ']",3,https://kin.naver.com/qna/detail.naver?d1id=6&dirId=61303&docId=361597340&qb=67Cx7Iug&enc=utf8&section=kin&rank=24&search_sort=3&spq=0,사람과 그룹
3,2020.07.04,[],천연두 백신있나요???,천연두 백신 있나요?? 있다면 개발과정 좀 알려주세요.,['백신 개발방법\n가축에게 약한 천연두 바이러스를 감염시킨다\n몇마리의 가축이 천연두를 이겨낸다\n그 이겨낸 가축에게서 항체를 따온다\n항체를 주사할때 약간의 병이 딸려왔지만 \n천연두가 치료된다면 그 시대에선 대단했죠'],1,https://kin.naver.com/qna/detail.naver?d1id=11&dirId=1122&docId=361601638&qb=67Cx7Iug&enc=utf8&section=kin&rank=23&search_sort=3&spq=0,환경공학
3,2020.07.04,[],미국 유학 가능 할까요..추가내공200,제가 2021년도9월쯤에 미국 유학을 생각하고 있는데 그때제가 중1 이거든요..근데 요즘 미국에서 비자발급을 막았다라고 하더라구요...비자도 여러종류가 있는데 저처럼 교육목적으로 가는거는 상관없는 건 가요? 상관이 있는건가요...상관이 있는거라면 그게 이번년도 뿐 만이 아니라 내년까지도 이어질 가능성이 있나요? 그리고 코로나가 그때쯤 안정 되긴 할까요? 만약 코로나가 이어지면 유학이 미뤄질 가능성도 있나요? 내년에 유학 준비하는 학생으로써 걱정되네요ㅠㅜㅠㅠ 유학원 홍보 이런건 삭제구요...진짜 너무 걱정되서 그래요ㅠㅠㅠ,"['교육목적의 학생비자도 지금 막혀있는데 2021년이면 뭐 내년인데, 아마 백신 접종한거 확인후 비자 발급이 되지 않을까 싶어요.\n내년까지 이어질 가능성은 충분하구요. 뭐 미국은 하루에 5만명 확진자 나오는데\n5만명이면, 대한민국 인구의 1/1000임. 하루에 대한민국 전체인구의 1/1000이 확진되고 있음. ']",1,https://kin.naver.com/qna/detail.naver?d1id=11&dirId=110601&docId=361602148&qb=67Cx7Iug&enc=utf8&section=kin&rank=22&search_sort=3&spq=0,조기유학
3,2020.07.04,[],중국은 백신맞을 자격없죠?,,"['맞든 안맞는 또 새로운 바이러스 생길듯해요....', '없는 것 같은데, 그렇다고 안주기도 좀...', '그래도 백신이 나왔다면 맞아야지\n중국만 안맞으면 결국 피해는 다른나라에게 영향을 줄겁니다']",3,https://kin.naver.com/qna/detail.naver?d1id=8&dirId=814&docId=361602455&qb=67Cx7Iug&enc=utf8&section=kin&rank=21&search_sort=3&spq=0,기타
2,2020.07.04,[],네이버백신 제대로 삭제하는법,"제어판에서 네이버백신 삭제하고, 파일탐색기로 네이버 검색해서 나오는거 다 삭제했는데도 백신 소프트웨어가 2개 설치되어 있다면서 알림이 뜨네요.
현재는 안랩 사용하고 있습니다.
windows 보안설정 > 바이러스 및 위협방지 들어가보면 안랩밖에 설치가 안되어 있는데도 그럽니다.. 대체 문제가 뭘까요 
네이버백신을 다시 깔았다가 제어판에서 지워봐도 똑같습니다ㅠ","[""윈도우 10 왼쪽 맨아래 를 누르면 프로그램 목록이 나오잖아요?\n그목록에 혹시 네이버백신이 있나요?\n그게 있다면 클릭하면 네이버백신 제거 사항이 나오면 제거해보세요.\n그게 아니라면 '고클린' 프로그램을 다운 받아서 프로그램 삭제를 해보실래요?""]",1,https://kin.naver.com/qna/detail.naver?d1id=1&dirId=10201&docId=361602629&qb=67Cx7Iug&enc=utf8&section=kin&rank=20&search_sort=3&spq=0,웹브라우저
2,2020.07.04,[],코로나 백신 2년 걸릴수도 있나요?,,"['짧을수도 있고, 길 수도 있죠. 확진자가 전 세계로 0명이 나와야 없어졌다 할 수 있으니깐요 ㅠㅜ', '메르스 백신도 아직 개발되지 않은 걸 보면 코로나 백신은 2~3년정도 뒤에 개발되거나 한참 지난 후에 개발이 될 수도 있습니다. 그리고 코로나가 워낙 변종이 많고 가끔 재발병하여 항체가 무의미해져 백신을 개발하더라도 그 백신에 강한 코로나 바이러스로 변종되거나 백신을 이기고 살아남은 바이러스가 재확산될 수 있기 때문에 백신을 만들더라도 단기간 효과는 가져올 수 있지만 장기적으로는 효과가 미미해질 수 있습니다 :) (제 개인적인 생각이에욤)']",2,https://kin.naver.com/qna/detail.naver?d1id=8&dirId=814&docId=361603351&qb=67Cx7Iug&enc=utf8&section=kin&rank=19&search_sort=3&spq=0,기타
3,2020.07.04,"['컴퓨터바이러스', '컴퓨터바이러스검사', '컴퓨터백신프로그램']",컴퓨터 바이러스 검사 중 다른 작업을 하면 검사에 영향을 줄 수도 있나요?,"컴퓨터 바이러스 검사 중 다른 작업(게임, 문서작성, 웹서핑 등등)을 한다면 검사에 영향(오진 등)을 줄 수도 있나요???","[' 백신 프로그램 파일을 수정하는 등의 중대한 작업이 아니라면 보통 검사에 영향을 주지는 않습니다. ', '1. 간단한 작업(문서작성, 웹써핑) 정도는 크게 영향을 주지 않습니다.\n2. 게임 등으로 많은 CPU를 사용하게 된다면, 바이러스 검사를 정밀하게 했을경우,\n바이러스 검사 시간에 영향을 줄수는 있습니다. 하지만, 이것을 한다고 해서 탐지할것을 못하지는 않습니다.', '바이러스 백신의 검색 속도가 떨어지거나 아예 멈출 수 있으며, \n커널영역을 사용하는 일부 프로그램의 경우 백신의 검사 도중 블루스크린을 발생시킬 수도 있습니다.\n단, 진단능력에는 영향이 없습니다.']",3,https://kin.naver.com/qna/detail.naver?d1id=1&dirId=11002&docId=361596448&qb=67Cx7Iug&enc=utf8&section=kin&rank=25&search_sort=3&spq=0,바이러스
4,2020.07.04,[],광견병에 걸린 고양이는 몇달만에 죽나요?,"필리핀에서 고양이한테 물린지 2주 지나서 묻습니다.
치료는 이미 늦은거같고
감염 안 됐길만을 기도하고 있어요.
아직 그 고양이는 살아있긴해요.
야생고양이지만 인간이랑 친하게 지내요.

물린건 어처구니 없이 쓰다듬다가 물렸고
부위는 손등입니다.
피는 났습니다. 심하진 않았고 지금은 상처가 다 아물었어요.

수의사 선생님들은 광견병예방접종 의무적으로 받으시니까
잘 아실거라 생각해서 질문드립니다.

정확히 6월 20일 저녁에 물렸습니다.
저 오늘 귀국하는데 코로나 진료하면서 광견병도 같이 진료가능할까요?
제가 광견병 감염됐을 확률은 몇%일까요?
백신 처방 받아야 할정도로 심각한가요?

추가 정보
방금 확인해보니
고양이가 물을 피하진 않아요.(당연 닿으면 피하긴해요)
동공이 크지도 않고요.
낮잠만 잘자고 있네요.

목숨이 달린거라 내공 1000점 걸게요.
많은 수의사님들의 의견 부탁드립니다.","['고냥이 한테 물렸을 때,\n상처깊이가 맞창이 날정도가 아니라면,세균이 침투하지 않어서 \n광견병(공수병=물을 무서워하는 병)에 감염되지 않었어요.\n걱정하지 않아도 됩니다.', '동물병원에 무조건 가야 합니다.', '1달']",3,https://kin.naver.com/qna/detail.naver?d1id=8&dirId=80511&docId=361586646&qb=67Cx7Iug&enc=utf8&section=kin&rank=35&search_sort=3&spq=0,동물의료상담
